AAV^Advantage Energy Ltd.^10102020^27265^AAV^Canada^https://www.advantageog.com/^
ARE^Aecon Group^20103010^19987^ARE^Canada^https://www.aecon.com/^
AFN^Ag Growth International Inc^20106015^160453^AFN^Canada^https://www.aggrowth.com/?gclid=Cj0KCQiA_P6dBhD1ARIsAAGI7HCarboedENje6b0_DrGTbvqQba3ZLMy1NSBZUe3uCE_r0_xXqVqta4aAjG1EALw_wcB&gclsrc=aw.ds^
AGF.B^AGF Management Ltd B Nvtg^40203010^61955^AGF^Canada^https://www.agf.com/ca/en/products/fundamental/9623.jsp?gclid=Cj0KCQiA_P6dBhD1ARIsAAGI7HB3M4HTPR1QgHI2ovRdWihjSkuYZeBm5ifDUfmcytziGbfJFwx2wD8aApGOEALw_wcB^
AEM^Agnico Eagle Mines Limited^15104030^1186^AEM^Canada^https://agnicoeagle.com/English/home/default.aspx^
AGU^Agrium Inc^15101030^28169^AGU^Canada^https://www.nutrien.com/^
AIM^Aimia Inc^25401010^164169^AIM^Canada^https://www.aimia.com/^
AC^Air Canada^20302010^164190^AC^Canada^https://www.aircanada.com/us/en/aco/home.html^
ASR^Alacer Gold Corp.^15104030^156214^ASR^Canada^https://www.ssrmining.com/^
AGI^Alamos Gold^15104030^123455^AGI^Canada^https://alamosgold.com/^
AD^Alaris Royalty Corp.^40203010^181804^AD^Canada^https://www.alarisequitypartners.com/^
AQN^Algonquin Power & Utilities Corp.^55105010^115044^AQN^Canada^https://algonquinpower.com/^
ATD.B^Alimentation Couche Tard Inc B^30101030^64655^ATD^Canada^https://corpo.couche-tard.com/en/^
AP.UN^Allied Properties Real Estate Invest Trust Un^40402040^152828^AP^Canada^https://alliedreit.com/company/^
ALA^Altagas Ltd.^10102040^122194^ALA^Canada^https://www.altagas.ca/^
AIF^Altus Group Limited^60102040^163968^AIF^Canada^https://www.altusgroup.com/^
AYA^Amaya Inc.^25301010^185291^AYA^Canada^https://www.starsgroup.com/^
AET.UN^Arc Energy Trust Units^10102020^105239^ARX^Canada^https://www.arcresources.com/^
AR^Argonaut Gold Inc. J^15104030^178384^AR^Canada^https://www.argonautgold.com/English/home/default.aspx^
ATZ^Aritzia Inc.^25203010^187163^ATZ^Canada^https://www.aritzia.com/en/home^
AX.UN^Artis Real Estate Investment Trust^40402010^158765^AX^Canada^https://www.artisreit.com/^
AKG^Asanko Gold Inc.^15104030^144183^AKG^Canada^https://www.asanko.com/home/default.aspx^
ACM.A^Astral Media Inc A Nvtg^25401020^15088^ACM^Canada^https://www.vistarmedia.com/home^
ACO.X^Atco Ltd I Nvtg^55103010^1828^ACO^Canada^https://www.atco.com/en-ca.html^
ATH^Athabasca Oil Corporation J^10102020^184651^ATH^Canada^https://www.atha.com/^
ATP^Atlantic Power Corporation^55105010^162346^ATP^Canada^https://www.atlanticpower.com/^
ATA^ATS Automation Tooling Systems^20106020^29478^ATA^Canada^https://atsautomation.com/^
AUQ^Aurico Gold Inc.^15104030^missing^AUQ^Canada^https://alamosgold.com/^
AUP^Aurinia Pharmaceuticals Inc.^35201010^^AUP^Canada^https://www.auriniapharma.com/^
ACB^Aurora Cannabis Inc.^35202010^22449^ACB^Canada^https://www.auroramj.com/^
ACQ^Autocanada Inc.^25504050^174185^ACQ^Canada^https://www.autocan.ca/^
AVO^Avigilon Corporation^45203010^194158^AVO^Canada^https://www.avigilon.com/^
BTO^B2Gold Corp^15104030^179060^BTO^Canada^https://www.b2gold.com/^
BAD^Badger Daylighting Ltd.^20103010^105517^BAD^Canada^https://www.badgerinc.com/^
BLDP^Ballard Power Systems Inc^20104010^28724^BLDP^Canada^https://www.ballard.com/^
BMO^Bank Of Montreal^40101010^15580^BMO^Canada^https://www.bmo.com/main/personal^
BNS^Bank Of Nova Scotia (The)^40101010^15582^BNS^Canada^https://www.scotiabank.com/ca/en/about.html^
BNK^Bankers Petroleum^10102020^20440^BNK^Canada^https://bankerspetroleum.com/^
ABX^Barrick Gold Corp^15104030^2055^ABX^Canada^https://www.barrick.com/English/home/default.aspx^
BHC^Bausch Health Companies Inc.^35202010^29955^BHC^Canada^https://www.bauschhealth.com/^
BTE^Baytex Energy Corp.^10102020^29135^BTE^Canada^https://www.baytexenergy.com/^
BCE^BCE Inc^50101020^2137^BCE^Canada^https://www.bce.ca/^
BA^Bell Aliant Inc.^50101020^175098^BA^Canada^https://www.bellaliant.ca/home/^
BIR^Birchcliff Energy^10102020^142443^BIR^Canada^https://www.birchcliffenergy.com/^
BDI^Black Diamond Group Limited^20201070^175616^BDI^Canada^https://www.blackdiamondgroup.com/^
BB^Blackberry Limited^45201020^65986^BB^Canada^https://www.blackberry.com/us/en/campaigns/blackberry?utm_medium=cpc&utm_source=google&utm_campaign=fy23-q4_purebrand-google-ads_adv&gclid=CjwKCAiA5Y6eBhAbEiwA_2ZWIV13MOsX1dEWnEM8MiKx61iUNAc2ol5FfytmbtJWycURykVmSvB6_RoCWRYQAvD_BwE^
BEI.UN^Boardwalk Real Estate Investment Trust^40402050^29552^BEI^Canada^https://www.bwalk.com/en-ca/^
BBD.B^Bombardier Inc B Subvtg^20101010^14078^BBD^Canada^https://bombardier.com/en^
BNP^Bonavista Energy Corporation^10102020^26796^BNP^Canada^https://bonavistaenergy.com/^
BNE^Bonterra Energy Corp.^10102020^20323^BNE^Canada^https://www.bonterraenergy.com/^
BLX^Boralex Inc. ‘A’^55105020^105632^BLX^Canada^https://www.boralex.com/^
BYD.UN^Boyd Group Income Fund^20201070^126474^BYD^Canada^https://www.boydgroup.com/^
BAM.A^Brookfield Asset Management Inc^40403010^2369^BAM^Canada^https://www.brookfield.com/^
BBU.UN^Brookfield Business Partners LP^20103010^26721^BBU^Canada^https://bbu.brookfield.com/^
BIP.UN^Brookfield Infrastructure Partners L.P.^55101010^179216^BIP^Canada^https://bip.brookfield.com/^
BPO^Brookfield Office Properties Inc.^40403020^16423^BPO^Canada^https://www.brookfieldproperties.com/en.html^
BPY.UN^Brookfield Property Partners L.P.^60102020^17556^BPY^Canada^https://bpy.brookfield.com/^
BEP.UN^Brookfield Renewable Energy Partners Lp Nv Un^55105020^184488^BEP^Canada^https://bep.brookfield.com/^
DOO^BRP Inc.^25202010^162870^DOO^Canada^https://www.brp.com/^
CAE^CAE Inc^20101010^2526^CAE^Canada^https://www.cae.com/^
CFW^Calfrac Well Services Ltd^10101020^12198^CFW^Canada^https://calfrac.com/^
CWT.UN^Calloway Real Estate Investment Trust Units^40402060^105728^CWT^Canada^https://smartcentres.com/^
CCO^Cameco Corp^10102050^24370^CCO^Canada^https://www.cameco.com/^
CF^Canaccord Genuity Group Inc.^40203020^160778^CF^Canada^https://www.canaccordgenuity.com/^
GOOS^Canada Goose Holdings Inc.^25203010^30560^GOOS^Canada^https://www.canadagoose.com/ca/en/home-page?agp=&cmpid=16562038267&country=&cre=&gclid=Cj0KCQiAq5meBhCyARIsAJrtdr426Xce4_icVDYFqtYwfduxyjIR5a3DMHzF3wwvVCE3qkLWoz38aVsaAujKEALw_wcB&gclsrc=aw.ds&kid=&medium=cpc&merchant_id=&mtype=&pla=&product_id=&source=google^
CAR.UN^Canadian Apartment Prop REIT^40402050^64803^CAR^Canada^https://www.capreit.ca/^
CEU^Canadian Energy Services & Technology Corp.^10101020^166477^CEU^Canada^https://www.cesenergysolutions.com/^
CM^Canadian Imperial Bank Of Commerce^40101010^15581^CM^Canada^https://www.cibc.com/en/apply/join.html?utrc=S186:22&gclid=Cj0KCQiAq5meBhCyARIsAJrtdr6wZDRrnw5VdfiXa9VXVR9eE6TyjhL-1wNPfJKdTXT8VJTj7FOUuCAaAhziEALw_wcB&gclsrc=aw.ds^
CNR^Canadian National Railway Co.^20304010^2696^CNR^Canada^https://www.cn.ca/en/^
CNQ^Canadian Natural Resources^10102020^15055^CNQ^Canada^https://www.cnrl.com/^
CP^Canadian Pacific Railway Limited^20304010^2698^CP^Canada^https://www.cpr.ca/en/^
REF.UN^Canadian Real Estate Inv Trst^40402010^105755^REF^Canada^https://www.cnetreit.com/^
CTC.A^Canadian Tire Corp Ltd A Nvtg^25503020^2703^CTC^Canada^https://corp.canadiantire.ca/English/home/default.aspx^
CU^Canadian Utilities Limited Cl ‘A’ Nv^55103010^14433^CU^Canada^https://www.canadianutilities.com/en-ca.html^
CWB^Canadian Western Bank^40101015^20285^CWB^Canada^https://www.cwbank.com/en/business^
CUS^Canexus Corporation^15101010^164641^CUS^Canada^https://www.chemtradelogistics.com/news/chemtrade-electrochem-inc-formerly-canexus-corporation-and-chemtrade-logistics-income-fund-announce-completion-of-redemption-of-chemtrade-electrochems-6-00-convertible-unsecured-subordinat/^
CFP^Canfor Corp^15105010^14042^CFP^Canada^https://www.canfor.com/^
WEED^Canopy Growth Corporation^35202010^20096^WEED^Canada^https://www.canopygrowth.com/^
CPX^Capital Power Corp^55105010^183187^CPX^Canada^https://www.capitalpower.com/^
CS^Capstone Mining Corp.^15104020^126634^CS^Canada^https://capstonecopper.com/^
CJT^Cargojet Inc.^20301010^164094^CJT^Canada^https://cargojet.com/^
CAS^Cascades Inc^15103020^14065^CAS^Canada^https://www.cascades.com/en^
CCL.B^CCL Industries Inc B^15103010^14062^CCL^Canada^https://cclind.com/^
CAR.UN^Cdn Apartment Prop Real Est Inv Tr Units^40402050^64803^CAR^Canada^https://www.capreit.ca/^
CLS^Celestica Inc^45203020^112158^CLS^Canada^https://www.celestica.com/^
CVE^Cenovus Energy Inc^10102010^183791^CVE^Canada^https://www.cenovus.com/^
CG^Centerra Gold^15104030^160779^CG^Canada^https://www.centerragold.com/^
CEU^CES Energy Solutions Corp.^10101020^166477^CEU^Canada^https://www.cesenergysolutions.com/^
GIB.A^CGI Group Inc A Subvtg^45102010^21864^GIB^Canada^https://www.cgi.com/en^
CSH.UN^Chartwell Retirement Residences^35102020^157293^CSH^Canada^https://chartwell.com/en/^
CHE.UN^Chemtrade Logistics Income Fund^15101010^144475^CHE^Canada^https://www.chemtradelogistics.com/^
CGG^China Gold International Resources Corp Ltd J^15104030^143297^CGG^Canada^https://www.chinagoldintl.com/^
CHP.UN^Choice Properties REIT^60101070^18296^CHP^Canada^https://www.choicereit.ca/^
CHR.B^Chorus Aviation Inc.^20302010^165948^CHR^Canada^https://chorusaviation.com/^
CIX^CI Financial Corp^40203010^30369^CIX^Canada^https://www.cifinancial.com/^
CGX.UN^Cineplex Galaxy Income Fund Units^25401030^157476^CGX^Canada^https://www.cineplex.com/^
CCA^Cogeco Cable Inc^25401025^20315^CCA^Canada^https://corpo.cogeco.com/cca/en/^
CIGI^Colliers International Group Inc.^60102040^28485^CIGI^Canada^https://www.collierscanada.com/en-ca^
CUF.UN^Cominar Real Estate Investment Trust Units^40402010^120654^CUF^Canada^https://www.cominar.com/en/^
CMG^Computer Modelling Group Ltd^45103010^64492^CMG^Canada^https://www.cmgl.ca/^
CXR^Concordia Healthcare Corp. J^35202010^missing^CXR^Canada^https://www.advanzpharma.com/^
CSU^Constellation Software Inc.^45103010^174302^CSU^Canada^https://www.csisoftware.com/^
CTS^Converge Technology Solutions Corp.^45102010^^CTS^Canada^https://convergetp.com/^
CJR.B^Corus Entertainment Inc B Nvtg^25401020^123415^CJR^Canada^https://www.corusent.com/^
BCB^Cott Corp^30201030^20338^BCB^Canada^https://primowatercorp.com/^
CPG^Crescent Point Energy Corp^10102020^145812^CPG^Canada^https://www.crescentpointenergy.com/^
CR^Crew Energy^10102020^156093^CR^Canada^https://crewenergy.com/^
CRR.UN^Crombie Real Estate Investment Trust Units^40402010^166676^CRR^Canada^https://www.crombie.ca/^
CRON^Cronos Group Inc.^35202010^22460^CRON^Canada^https://thecronosgroup.com/^
CRT.UN^CT REIT^60101070^18700^CRT^Canada^https://www.ctreit.com/English/home/default.aspx^
DML^Denison Mines Corp^10102050^64775^DML^Canada^https://denisonmines.com/^
DSG^Descartes Systems Group Inc^45103010^66326^DSG^Canada^https://www.descartes.com/home^
DHX.B^DHX Media Ltd.^25401030^174314^DHX^Canada^https://www.wildbrain.com/^
DCBO^Docebo Inc.^45103010^^DCBO^Canada^https://www.docebo.com/^
DOL^Dollarama Inc^25503020^183683^DOL^Canada^https://www.dollarama.com/en-CA/^
DDC^Dominion Diamond Corporation^15104040^15533^DDC^Canada^https://arcticcanadian.ca/^
DII.B^Dorel Industries B^25201020^22049^DII^Canada^https://www.dorel.com/^
DIR.UN^Dream Industrial REIT^60101020^15211^DIR^Canada^https://dream.ca/investors/industrial/?gclid=Cj0KCQiAt66eBhCnARIsAKf3ZNG43Ai5i9wr-lg6FxaSg0XeBxemNucImjRbAWMuhjw8CVmH9A77N4EaAhTLEALw_wcB^
D.UN^Dream Office Real Estate Investment Trust Un^40402040^66376^D^Canada^https://dream.ca/investors/office/?gclid=Cj0KCQiAt66eBhCnARIsAKf3ZNEP2SsTT7eofaewvyBrKLZB--_tHfwFaijUNcRyb35CT9rGE_mWNJwaAifHEALw_wcB^
DRM^Dream Unlimited Corp. Cl ‘A’ Sv^40403010^18033^DRM^Canada^https://dream.ca/investors/unlimited/?gclid=CjwKCAiA2rOeBhAsEiwA2Pl7Q9zopMDPC5wYXklJT7QLSbVoDMZUCYUlI9WFXgummc1upaLzf0Yb3BoCuJgQAvD_BwE^
DC.A^Dundee Corp A^40203010^24627^DC^Canada^https://www.dundeecorporation.com/home/default.aspx^
DPM^Dundee Precious Metals^15104040^20007^DPM^Canada^https://www.dundeeprecious.com/English/Home/default.aspx^
DW^Dundeewealth Inc.^40203020^128559^DW^Canada^https://dundeewealth.com/^
DND^Dye & Durham Limited^45103010^^DND^Canada^https://dyedurham.com/^
ELR^Eastern Platinum Limited J^15104040^20529^ELR^Canada^https://www.eastplats.com/^
ECN^ECN Capital Corp.^40201040^28309^ECN^Canada^https://www.ecncapitalcorp.com/^
ELD^Eldorado Gold Corp^15104030^26539^ELD^Canada^https://www.eldoradogold.com/home/default.aspx^
EFN^Element Financial Corporation^40201040^missing^EFN^Canada^https://www.elementfleet.com/^
EMA^Emera Inc^55101010^25792^EMA^Canada^https://www.emera.com/^
EMP.A^Empire Co Ltd A Nvtg^30101030^14312^EMP^Canada^https://www.empireco.ca/^
ENB^Enbridge Inc^10102040^6135^ENB^Canada^https://www.enbridge.com/^
ENF^Enbridge Income Fund Holdings Inc.^10102040^154677^ENF^Canada^https://www.enbridgeincomefund.com/^
ECA^EnCana Corp^10102020^11781^ECA^Canada^https://www.ovintiv.com/^
EDV^Endeavour Mining Corporation^15104030^108804^EDV^Canada^https://www.endeavourmining.com/^
EDR^Endeavour Silver Corp^15104040^107245^EDR^Canada^https://edrsilver.com/^
ECI^Enercare Inc.^25302020^151930^ECI^Canada^https://www.enercare.ca/^
EFX^Enerflex Ltd.^10101020^28903^EFX^Canada^https://www.enerflex.com/^
EFR^Energy Fuels Inc.^10102050^^EFR^Canada^https://www.energyfuels.com/^
ERF^Enerplus Corporation^10102020^20214^ERF^Canada^https://www.enerplus.com/^
ESL^Enghouse Systems Limited^45103010^63476^ENGH^Canada^https://www.enghouse.com/^
ESI^Ensign Energy Services^10101010^27013^ESI^Canada^https://www.ensignenergy.com/^
EQX^Equinox Gold Corp.^15104030^^EQX^Canada^https://equinoxgold.com/^
EQB^Equitable Group Inc^40102010^264485^EQB^Canada^https://www.equitablebank.ca/home^
ERO^Ero Copper Corp.^15104025^32564^ERO^Canada^https://erocopper.com/^
EIF^Exchange Income Corporation^20302010^152011^EIF^Canada^https://www.exchangeincomecorp.ca/^
EXE^Extendicare Inc.^35102020^13992^EXE^Canada^https://www.extendicare.com/^
FFH^Fairfax Financial Hldgs Ltd^40301030^16428^FFH^Canada^https://www.fairfax.ca/^
FTT^Finning International Inc.^20107010^4669^FTT^Canada^https://www.finning.com/en_IE.html^
FCR^First Capital Realty Inc^40403010^22970^FCR^Canada^https://fcr.ca/^
FR^First Majestic Silver Corp^15104040^108768^FR^Canada^https://firstmajestic.com/^
FM^First Quantum Minerals Ltd^15104020^106464^FM^Canada^https://first-quantum.com/^
FSV^Firstservice Corp^40403040^24116^FSV^Canada^https://www.firstservice.com/^
FES^Flint Energy Services Ltd^10101020^146153^FES^Canada^https://flintcorp.com/^
FTS^Fortis Inc^55101010^14390^FTS^Canada^https://www.fortisinc.com/^
FVI^Fortuna Silver Mines Inc.^15104040^107098^FVI^Canada^https://fortunasilver.com/^
FNV^Franco-Nevada Corp^15104030^178997^FNV^Canada^https://www.franco-nevada.com/home/default.aspx^
FRU^Freehold Royalties Ltd.^10102020^106528^FRU^Canada^https://www.freeholdroyalties.com/^
FEC^Frontera Energy Corporation^10102020^105222^FEC^Canada^https://www.fronteraenergy.ca/^
GBU^Gabriel Resources Ltd^15104030^64636^GBU^Canada^https://www.gabrielresources.com/^
MIC^Genworth MI Canada Inc^40102010^183231^MIC^Canada^https://sagen.ca/^
WN^George Weston Ltd^30101030^11443^WN^Canada^https://www.weston.ca/en/Home.aspx^
GFL^GFL Environmental Inc.^20201050^^GFL^Canada^https://gflenv.com/^
GEI^Gibson Energy Inc^10102040^187392^GEI^Canada^https://www.gibsonenergy.com/^
GIL^Gildan Activewear Inc A^25203010^111486^GIL^Canada^https://gildancorp.com/en/investors/^
GMP^Gmp Capital Inc.^40203020^157655^GMP^Canada^https://www.gmp.capital/^
GSY^goeasy Ltd.^40202010^^GSY^Canada^https://www.goeasy.com/^
GSC^Golden Star Resources Ltd^15104030^20488^GSC^Canada^https://www.gsr.com/Home/default.aspx^
GTE^Gran Tierra Energy Inc^10102020^164046^GTE^Canada^https://www.grantierra.com/^
GCE^Grande Cache Coal^15104020^160410^GCE^Canada^https://cstcoal.ca/^
GRT^Granite Real Estate Inc.^40402020^155x^GRT^Canada^https://granitereit.com/^
GC^Great Canadian Gaming Corp^25301010^106709^GC^Canada^https://greatcanadian.com/^
GWO^Great-West Lifeco Inc^40301020^16431^GWO^Canada^https://www.greatwestlifeco.com/^
HR.UN^H&R Real Estate Investment Trust Stapled^40402010^64196^HR^Canada^https://www.hr-reit.com/^
HW^Harry Winston Diamond Corp^15104040^15533^HW^Canada^https://www.harrywinston.com/en^
HEXO^HEXO Corp.^35202010^30664^HEXO^Canada^https://www.hexocorp.com/^
HCG^Home Capital Group Inc^40102010^20487^HCG^Canada^https://www.homecapital.com/home/default.aspx^
HNL^Horizon North Logistics Inc. J^20201070^175233^HNL^Canada^https://dexterra.com/^
HBM^Hudbay Minerals^15104020^107781^HBM^Canada^https://www.hudbayminerals.com/^
HBC^Hudson’s Bay Company^25503010^5770^HBC^Canada^https://www.hbc.com/^
HSE^Husky Energy Inc^10102010^13994^HSE^Canada^https://huskyenergy.com/^
HUT^Hut 8 Mining Corp.^45103010^^HUT^Canada^https://hut8.io/^
H^Hydro One Limited^55101010^24944^H^Canada^https://www.hydroone.com/^
IAG^iA Financial Corporation Inc.^40301020^129472^IAG^Canada^https://ia.ca/individuals^
IMG^IAMGOLD Corp^15104030^62337^IMG^Canada^https://www.iamgold.com/English/home/default.aspx^
BIN^Iesi-Bfc Ltd.^20201050^148394^BIN^Canada^https://www.waste360.com/^
IGM^IGM Financial Inc^40203010^14333^IGM^Canada^https://www.igmfinancial.com/en^
IMO^Imperial Oil Ltd^10102010^5903^IMO^Canada^https://www.imperialoil.ca/en-CA^
IAG^Industrial Alliance Insurance^40301020^129472^IAI^Canada^https://ia.ca/individuals^
IMN^Inmet Mining Corp^15104020^14350^IMN^Canada^https://first-quantum.com/^
INE^Innergex Renewable Energy Inc^55105020^154653^INE^Canada^https://www.innergex.com/^
IFC^Intact Financial Corporation^40301040^162491^IFC^Canada^https://intactfc.com/^
IPL.UN^Inter Pipeline Fund A^10102040^66319^IPL^Canada^https://interpipeline.com/^
IFP^Interfor Corporation^15105010^15038^IFP^Canada^https://interfor.com/^
IIP.UN^InterRent Reit^60101060^128078^IIP^Canada^https://www.interrentreit.com/^
IT^Intertain Group Limited (The)^25301010^19788^IT^Canada^https://www.jackpotjoy.com/^
ITP^Intertape Polymer Group Inc^15103010^24943^ITP^Canada^https://www.itape.com/^
IAE^Ithaca Energy Inc.^10102020^174474^IAE^Canada^https://www.ithacaenergy.com/^
IVN^Ivanhoe Mines Ltd^15104020^16005^IVN^Canada^https://ivanhoemines.com/^
JAG^Jaguar Mining Inc^15104030^28852^JAG^Canada^https://jaguarmining.com/^
JWEL^Jamieson Wellness Inc.^30302010^31796^JWEL^Canada^https://www.jamiesonwellness.com/English/home/default.aspx^
JAZ.UN^Jazz Air Income Fund Units^20302010^165948^JAZ^Canada^https://chorusaviation.com/^
PJC.A^Jean Coutu Group (PJC) Inc. (The)^30101010^16474^PJC^Canada^https://www.jeancoutu.com/en/corpo/^
JE^Just Energy Group Inc.^55103010^143403^JE^Canada^https://justenergy.com/^
KNT^K92 Mining Inc.^15104030^^KNT^Canada^https://k92mining.com/^
KEL^Kelt Exploration Ltd.^10102020^17449^KEL^Canada^https://keltexploration.com/^
KEY^Keyera Corp.^10102030^154135^KEY^Canada^https://www.keyera.com/^
KMP.UN^Killam Apartment REIT^60101060^141663^KMP^Canada^https://killamreit.com/^
KXS^Kinaxis Inc.^45103020^20801^KXS^Canada^https://www.kinaxis.com/en^
KML^Kinder Morgan Canada Limited^10102040^31553^KML^Canada^https://www.kindermorgancanadalimited.com/^
K^Kinross Gold Corp^15104030^8644^K^Canada^https://www.kinross.com/home/default.aspx^
KGI^Kirkland Lake Gold^15104030^105661^KL^Canada^https://agnicoeagle.com/English/home/default.aspx^
GUD^Knight Therapeutics Inc.^35201010^19901^GUD^Canada^https://www.gud-knight.com/^
LIF.UN^Labrador Iron Ore Royalty Corp. Stapled Un^15104050^64260^LIF^Canada^https://labradorironore.com/^
LSG^Lake Shore Gold Corp^15104030^152012^LSG^Canada^https://www.panamericansilver.com/operations/north-and-central-america/timmins/^
LB^Laurentian Bank Canada^40101015^16432^LB^Canada^https://www.laurentianbank.ca/en^
LEG^Legacy Oil + Gas Inc^10102020^174133^LEG^Canada^https://www.crescentpointenergy.com/^
LWRK^LifeWorks Inc.^20202010^^LWRK^Canada^https://lifeworks.com/en^
LSPD^Lightspeed Commerce Inc.^45103010^^LSPD^Canada^https://www.lightspeedhq.com/pos/watch-a-demo-e/?_bt=632731126750&_bk=lightspeed&_bm=e&_bn=g&_bg=64178037736&gclid=Cj0KCQiAic6eBhCoARIsANlox85QPK__OAjOC-EUBw5viN5pDZwtKSLP7tQi5FAlKhqiaq20XpHLnJ0aAhnbEALw_wcB^
LNR^Linamar Corp^25101010^20561^LNR^Canada^https://www.linamar.com/^
LEV^Lion Electric Company^20106010^^LEV^Canada^https://thelionelectric.com/fr^
LAC^Lithium Americas Corp.^15104020^^LAC^Canada^https://www.lithiumamericas.com/^
L^Loblaw Companies Limited^30101030^6771^L^Canada^https://www.loblaw.ca/^
LUC^Lucara Diamond Corp.^15104040^180506^LUC^Canada^https://lucaradiamond.com/^
LUG^Lundin Gold Inc.^15104030^^LUG^Canada^https://lundingold.com/^
LUN^Lundin Mining^15104020^108297^LUN^Canada^https://lundinmining.com/^
MDA^MacDonald Dettwiler & Assoc^45103010^137609^MDA^Canada^https://mda.space/en/^
MAG^Mag Silver Corp^15104045^134305^MAG^Canada^https://magsilver.com/^
MG^Magna International Inc^25101010^6946^MG^Canada^https://magsilver.com/^
MDI^Major Drilling Group International Inc.^15104020^31602^MDI^Canada^https://www.majordrilling.com/^
MBT^Manitoba Telecom Services Inc^50101020^65018^MBT^Canada^https://www.bellmts.ca/personal?cookieCheck=1^
MFC^Manulife Financial Corp^40301020^124042^MFC^Canada^https://www.manulife.ca/personal.html^
MFI^Maple Leaf Foods Inc^30202030^2675^MFI^Canada^https://www.mapleleaffoods.com/^
MRE^Martinrea International Inc^25101010^65441^MRE^Canada^https://www.martinrea.com/^
MAXR^Maxar Technologies Ltd.^20101010^137609^MAXR^Canada^https://www.maxar.com/?utm_source=google&utm_medium=sem&utm_campaign=maxar-brand&gclid=Cj0KCQiAic6eBhCoARIsANlox84YOzv_a3t4pB8LJHl0bTp9wi9X4b9uRI8i779q4WAPgi7czib6W2waAghoEALw_wcB^
MEG^MEG Energy Corp^10102020^185309^MEG^Canada^https://www.megenergy.com/^
MX^Methanex Corp^15101010^13971^MX^Canada^https://www.methanex.com/^
MRU.A^Metro Inc A^30101030^21894^MRU^Canada^https://corpo.metro.ca/en/home.html^
MST.UN^Milestone Apartments REIT^60101060^17464^MST^Canada^https://www.starwoodcapital.com/^
MFL^Minefinders Corp^15104030^64779^MFL^Canada^https://www.panamericansilver.com/^
MNW^Mitel Networks Cororation^45201020^174531^MNW^Canada^https://www.mitel.com/en-ca^
MSI^Morneau Shepell Inc.^20202010^165256^MSI^Canada^https://lifeworks.com/en^
MTY^MTY Food Group Inc^25301040^106660^MTY^Canada^https://mtygroup.com/^
MTL^Mullen Group Ltd^10101020^30927^MTL^Canada^https://www.mullen-group.com/^
NA^National Bank Of Canada^40101010^15620^NA^Canada^https://www.nbc.ca/^
NEM^Neo Material Technologies Inc.^15101050^26511^NEM^Canada^https://www.neomaterials.com/^
NFI^New Flyer Industries Inc.^20106010^174152^NFI^Canada^https://www.newflyer.com/^
NGD^New Gold Inc^15104030^106112^NGD^Canada^https://newgold.com/home/default.aspx^
NAL^Newalta Corporation^20201050^20650^NAL^Canada^https://www.secure-energy.com/^
NXY^Nexen Inc^10102020^2697^NXY^Canada^https://www.nexengroup.com/^
NXE^NexGen Energy Ltd.^10102050^17826^NXE^Canada^https://nexgenenergy.ca/homepage/default.aspx^
NFI^NFI Group Inc.^20106010^174152^NFI^Canada^https://www.nfigroup.com/^
NKO^Niko Resources Ltd^10102020^107590^NKO^Canada^https://www.nikoresources.com/^
OSB^Norbord Inc^15105010^14313^OSB^Canada^https://www.westfraser.com/^
NDN^Nordion Inc^35203010^14102^NDN^Canada^https://www.nordion.com/^
PDL^North American Palladium Ltd^15104040^6930^PDL^Canada^https://www.nap.com/home/default.aspx^
NWF.UN^North West Company Fund Trust Units^30101030^23994^NWF^Canada^https://www.northwest.ca/^
NDM^Northern Dynasty Minerals Ltd.^15104020^107637^NDM^Canada^https://northerndynastyminerals.com/^
NPR.UN^Northern Property Rl Estate Invest Stapled Un^40402050^152973^NPR^Canada^https://www.rentnorthview.com/^
NGX^Northgate Minerals Corporation^15104030^7984^NGX^Canada^https://alamosgold.com/^
NPI^Northland Power Inc.^55105010^64625^NPI^Canada^https://www.northlandpower.com/en/index.aspx^
NVU.UN^Northview Apartment REIT^60101060^152973^NVU^Canada^https://www.rentnorthview.com/^
NWH.UN^Northwest Healthcare Properties REIT^60101050^184552^NWH^Canada^https://www.nwhreit.com/^
NG^Novagold Resources Inc^15104030^20600^NG^Canada^https://www.novagold.com/^
NTR^Nutrien Ltd.^15101030^16582^NTR^Canada^https://www.nutrien.com/^
NVEI^Nuvei Corporation SV^45102020^^NVEI^Canada^https://nuvei.com/payments/^
NVA^Nuvista Energy Ltd^10102020^154774^NVA^Canada^https://nvaenergy.com/^
OGC^OceanaGold Corp^15104030^260651^OGC^Canada^https://oceanagold.com/^
OCX^Onex Corp Subvtg^40201030^14326^ONEX^Canada^https://www.onex.com/^
OTC^Open Text Corp^45101010^61870^OTEX^Canada^https://www.opentext.com/^
OR^Osisko Gold Royalties Ltd^15104030^107710^OR^Canada^https://osiskogr.com/en/^
OSK^Osisko Mining Corporation^15104030^20281^^Canada^https://www.osiskomining.com/^
PRE^Pacific Rubiales Energy Corp.^10102020^105222^^Canada^https://www.fronteraenergy.ca/^
PPY^Painted Pony Petroleum Ltd. J^10102020^177506^^Canada^https://www.cnrl.com/^
PAA^Pan American Silver Corp^15104040^20670^^Canada^https://www.panamericansilver.com/^
POU^Paramount Resources Ltd^10102020^20676^^Canada^https://www.paramountres.com/^
PXT^Parex Resources Inc.^10102020^183855^^Canada^https://parexresources.com/^
PLC^Park Lawn Corporation^25302020^^^Canada^https://www.parklawncorp.com/^
PKI^Parkland Corporation^10102030^^^Canada^https://www.parkland.ca/en^
PSI^Pason Systems Inc^10101020^66318^^Canada^https://www.pason.com/^
PPL^Pembina Pipeline Corporation^10102040^130618^^Canada^https://www.pembina.com/^
PGF^Pengrowth Energy Corporation^10102020^20683^^Canada^https://www.strathconaresources.com/^
PWT.UN^Penn West Energy Trust Units^10102020^20684^^Canada^https://www.obsidianenergy.com/^
PMT^Perpetual Energy Inc.^10102020^152692^^Canada^https://perpetualenergyinc.com/^
PBN^Petrobakken Energy Ltd.^10102020^183667^^Canada^https://ridgeback.com/^
PBG^Petrobank Energy & Resources^10102020^179382^^Canada^https://www.touchstoneenergy.com/^
PMG^Petrominerales Ltd^10102020^278317^^Canada^https://www.fronteraenergy.ca/^
PEY.UN^Peyto Energy Trust Units^10102020^106156^^Canada^https://www.peyto.com/^
POT^Potash Corp of Saskatchewan^15101030^16582^^Canada^https://www.westernpotash.com/^
POW^Power Corp of Canada Subvtg^40301020^8702^^Canada^https://www.powercorporation.com/en/^
PWF^Power Financial Corp^40301020^15607^^Canada^https://www.powerfinancial.com/en/^
PSK^Prairiesky Royalty Ltd.^10102020^20710^^Canada^https://www.prairiesky.com/^
PD^Precision Drilling Corporation^10101010^20695^^Canada^https://www.precisiondrilling.com/^
PG^Premier Gold Mines Limited J^15104030^175407^^Canada^https://equinoxgold.com/^
PBH^Premium Brands Holdings Corporation^30202030^64072^^Canada^https://premiumbrandsholdings.com/^
PVG^Pretium Resources Inc.^15104030^186130^^Canada^https://www.newcrest.com/^
PMZ.UN^Primaris Retail Real Estate Investment Tr Un^40402060^155099^^Canada^https://www.primarisreit.com/^
P^Primero Mining Corp.^15104030^180475^^Canada^https://firstmajestic.com/^
PRMW^Primo Water Corp^30201030^^^Canada^https://primowatercorp.com/^
PRQ^Progress Energy Resources Corp.^10102020^160820^^Canada^https://www.petronascanada.com/^
BIN^Progressive Waste Solutions Ltd.^20201050^148394^^Canada^https://www.wasteconnectionscanada.com/^
PLI^ProMetic Life Sciences Inc.^35201010^112881^^Canada^https://liminalbiosciences.com/^
PVE^Provident Energy Ltd.^10102040^106519^^Canada^https://www.pemi.com/^
AAR.UN^Pure Industrial Real Estate Trust^60101020^178244^^Canada^https://pureindustrial.ca/^
QUX^Quadra FNX Mining Ltd^15104020^missing^^Canada^https://kghm.com/en^
QBR.B^Quebecor Inc B Subvtg^25401025^8870^^Canada^https://www.quebecor.com/en/^
RRX^Raging River Exploration Inc.^10102020^170889^^Canada^https://www.baytexenergy.com/^
REAL^Real Matters Inc.^25502020^31266^^Canada^https://www.realmatters.com/home/default.aspx^
RET.A^Reitman’s (Canada) Ltd. Cl ‘A’ Nv^25504010^9034^^Canada^https://www.reitmans.com/^
RIM^Research In Motion Limited^45201020^65986^^Canada^https://www.blackberry.com/us/en^
QSR^Restaurant Brands International Inc^25301040^164471^^Canada^https://www.rbi.com/English/corporate-profile/default.aspx^
RCH^Richelieu Hardware Ltd^20107010^28661^^Canada^https://www.richelieu.com/ca/en/^
RIO^Rio Alto Mining Limited J^15104020^107898^^Canada^https://www.panamericansilver.com/^
REI.UN^Riocan Real Estate Investment Trust Units^40402060^108071^^Canada^https://www.riocan.com/English/home/default.aspx^
RBA^Ritchie Bros Auctioneers Inc^20201070^65605^^Canada^https://www.rbauction.com/^
RMP^Rmp Energy Inc. J^10102020^65750^^Canada^https://www.spartandeltacorp.com/^
RCI.B^Rogers Communications Inc B^50102010^9215^^Canada^https://www.rogers.com/^
R^Romarco Minerals Inc^15104030^108091^^Canada^https://oceanagold.com/^
RON^Rona Inc^25504030^151118^^Canada^https://www.rona.ca/en^
RY^Royal Bank Of Canada^40101010^15633^^Canada^https://www.rbcroyalbank.com/personal.html^
RMX^Rubicon Minerals Corp^15104030^65808^^Canada^https://evolutionmining.com.au/^
RUS^Russel Metals Inc^20107010^4599^^Canada^https://www.russelmetals.com/en/^
SSL^Sandstorm Gold Ltd.^15104030^178148^^Canada^https://sandstormgold.com/^
SAP^Saputo Inc^30202030^65613^^Canada^https://www.saputo.com/en^
SVY^Savanna Energy Services^10101010^136266^^Canada^https://www.savannah-energy.com/^
SEA^SEABRIDGE GOLD INC. J^15104030^106203^^Canada^https://www.seabridgegold.com/^
SES^Secure Energy Services Inc^10101020^184582^^Canada^https://www.secure-energy.com/^
SMF^Semafo Inc^15104030^28415^^Canada^https://www.semafo.com/^
VII^Seven Generations Energy Ltd.^10102020^17899^^Canada^https://www.7genergy.ca/^
SJR.B^Shaw Communications Inc B^25401025^14353^^Canada^https://www.shaw.ca/^
SCL.A^ShawCor Ltd A^10101020^9647^^Canada^https://www.shawcor.com/^
S^Sherritt International Corporation^15104020^63075^^Canada^https://www.sherritt.com/English/Home/default.aspx^
SHOP^Shopify Inc.^45101010^23650^^Canada^https://www.shopify.com/ca^
SC^Shoppers Drug Mart Corporation^30101010^146139^^Canada^https://www.shoppersdrugmart.ca/en/home^
SIA^Sienna Senior Living Inc.^35102020^184543^^Canada^https://www.siennaliving.ca/^
SW^Sierra Wireless Inc^45201020^120334^^Canada^https://www.sierrawireless.com/^
SSO^Silver Standard Resources Inc^15104040^26768^^Canada^https://www.ssrmining.com/^
SLW^Silver Wheaton^15104040^105861^^Canada^https://www.wheatonpm.com/Home/^
SVM^Silvercorp Metals Inc^15104040^108326^^Canada^https://silvercorpmetals.com/^
SIL^SilverCrest Metals Inc.^15104040^^^Canada^https://www.silvercrestmetals.com/^
ZZZ^Sleep Country Canada Holdings Inc.^25504060^25304^^Canada^https://www.sleepcountry.ca/^
SRU.UN^Smart Real Estate Invest Trust Variable V Un^40402060^105728^^Canada^https://smartcentres.com/^
SNC^SNC - Lavalin Group Inc^20103010^14352^^Canada^https://www.snclavalin.com/en^
SGQ^SouthGobi Resources Ltd.^10102050^157793^^Canada^https://www.southgobi.com/html/index.php^
SPE^Spartan Energy Corp.^10102020^107853^^Canada^https://www.spartandeltacorp.com/^
TOY^Spin Master Corp. SV^25202010^25507^^Canada^https://www.spinmaster.com/en-GB^
SII^Sprott Inc^40203010^^^Canada^https://sprott.com/^
SSRM^SSR Mining Inc^15104030^26768^^Canada^https://www.ssrmining.com/^
STN^Stantec Inc^20202020^29985^^Canada^https://www.stantec.com/en^
STLC^Stelco Holdings Inc.^15104050^^^Canada^https://www.stelco.com/^
SJ^Stella-Jones Inc.^15105010^30421^^Canada^https://www.stella-jones.com/en-CA^
SMU.UN^Summit Industrial Income REIT^60101020^121096^^Canada^https://www.summitiireit.com/^
SLF^Sun Life Financial Inc.^40301020^133289^^Canada^https://www.sunlife.ca/en/^
SU^Suncor Energy Inc^10102010^15070^^Canada^https://www.suncor.com/^
SPB^Superior Plus Corp^20107010^65614^^Canada^https://www.superiorplus.com/^
SGY^Surge Energy Inc.^10102020^114211^^Canada^https://www.surgeenergy.ca/^
THO^Tahoe Resources Inc^15104040^185030^^Canada^https://www.panamericansilver.com/^
TLM^Talisman Energy Inc^10102020^14316^^Canada^https://www.repsol.com/en/index.cshtml^
TVE^Tamarack Valley Energy Ltd.^10102020^^^Canada^https://www.tamarackvalley.ca/^
TKO^Taseko Mines Limited^15104020^25092^^Canada^https://www.tasekomines.com/^
TRP^TC Energy Corporation^10102040^10671^^Canada^https://www.tcenergy.com/^
TCK.B^Teck Resources Limited Cl ‘B’ Sv^15104020^10385^^Canada^https://www.teck.com/^
T^TELUS Corp^50101020^2408^^Canada^https://www.telus.com/en^
TIXT^TELUS International (Cda) Inc.^45102020^^^Canada^https://www.telusinternational.com/^
TGZ^Teranga Gold Corporation^15104030^^^Canada^https://www.endeavourmining.com/^
TFII^TFI International Inc.^20304020^150764^^Canada^https://tfiintl.com/en/^
TSGI^The Stars Group Inc.^25301010^185291^^Canada^https://www.starsgroup.com/^
TCM^Thompson Creek Metals Co Inc^15104020^122266^^Canada^https://www.centerragold.com/^
TRI^Thomson Reuters Corporation^25401040^15704^^Canada^https://www.thomsonreuters.com/en.html^
TLRY^Tilray, Inc.^35202010^^^Canada^https://www.tilray.com/^
THI^Tim Hortons^25301040^166366^^Canada^https://www.timhortons.com/^
X^TMX Group Inc^40201040^151282^^Canada^https://www.tmx.com/^
TPZ^Topaz Energy Corp.^10102010^^^Canada^https://topazenergy.ca/^
TOG^Torc Oil & Gas Ltd.^10102020^16521^^Canada^https://www.wcap.ca/^
TXG^Torex Gold Resources Inc.^15104030^27519^^Canada^https://torexgold.com/^
TIH^Toromont Industries Ltd^20106010^15020^^Canada^https://www.toromont.com/^
TD^Toronto-Dominion Bank^40101010^15706^^Canada^https://www.td.com/us/en/personal-banking^
TOU^Tourmaline Oil Corp^10102020^185956^^Canada^https://www.tourmalineoil.com/^
TA^Transalta Corporation^55105010^14391^^Canada^https://transalta.com/^
RNW^TransAlta Renewables Inc.^55105020^18513^^Canada^https://transaltarenewables.com/^
TRZ.B^Transat A.T. Inc. Class ‘B’^25301020^28059^^Canada^https://www.transat.com/en-CA^
TRP^TransCanada Corp^10102040^10671^^Canada^https://www.tcenergy.com/^
TCL.A^Transcontinental A Subvtg^20201010^15083^^Canada^https://tctranscontinental.com/en-ca^
TFI^TransForce Inc^20304020^150764^^Canada^https://tfiintl.com/en/^
TGL^TransGlobe Energy Corp^10102020^14010^^Canada^https://www.trans-globe.com/home/default.aspx^
TCW^Trican Well Service Ltd^10101020^64107^^Canada^https://tricanwellservice.com/^
TCN^Tricon Capital Group Inc.^40203010^184905^^Canada^https://triconresidential.com/^
TRIL^Trillium Therapeutics Inc.^35201010^^^Canada^https://www.pfizer.com/^
TET^Trilogy Energy Corp.^10102020^163697^^Canada^https://www.paramountres.com/^
TDG^Trinidad Drilling Ltd^10101010^140674^^Canada^https://www.ensignenergy.com/^
TSU^Trisura Group Ltd.^40301040^^^Canada^https://www.trisura.com/^
TRQ^Turquoise Hill Resources Ltd^15104020^63139^^Canada^https://www.riotinto.com/en^
UNS^Uni-Select Inc^25501010^19696^^Canada^https://www.uniselect.com/^
UUU^Uranium One Inc^10102050^65324^^Canada^https://www.uraniumenergy.com/^
VRX^Valeant Pharmaceuticals International Inc.^35202010^29955^^Canada^https://www.bauschhealth.com/^
VSN^Veresen Inc.^10102040^66277^^Canada^https://www.pembina.com/^
VET^Vermilion Energy Inc.^10102020^30075^^Canada^https://www.vermilionenergy.com/^
VFF^Village Farms International Inc.^30202010^^^Canada^https://villagefarms.com/^
VT^Viterra Inc^30202010^62556^^Canada^https://www.viterra.ca/^
WJX^Wajax Corporation^20107010^11258^^Canada^https://www.wajax.com/^
WCN^Waste Connections, Inc.^20201050^110732^^Canada^https://www.wasteconnectionscanada.com/^
WELL^WELL Health Technologies Corp.^35102015^^^Canada^https://well.company/^
WDO^Wesdome Gold Mines Ltd^15104030^128765^^Canada^https://www.wesdome.com/English/overview/default.aspx^
WFT^West Fraser Timber Co Ltd^15105010^14330^^Canada^https://www.westfraser.com/^
WEF^Western Forest Products Inc^15105010^4019^^Canada^https://www.westernforest.com/^
WJA^Westjet Airlines Ltd^20302010^122017^^Canada^https://www.westjet.com/en-ca^
WN^Weston Ltd. George^30101030^11443^^Canada^https://www.weston.ca/en/Home.aspx^
WPT^Westport Innovations Inc^20106010^missing^^Canada^https://wfsinc.com/^
WTE.UN^Westshore Terminals Income Fund Trust Units^20305030^66401^^Canada^https://www.westshore.com/#/main^
WPM^Wheaton Precious Metals Corp.^15104045^105861^^Canada^https://www.wheatonpm.com/Home/^
WCP^Whitecap Resources Inc.^10102020^185230^^Canada^https://www.wcap.ca/^
WIN^Wi LAN Inc^45201020^128121^^Canada^https://www.wilan.com/^
WPK^Winpak Ltd^15103010^20860^^Canada^https://www.winpak.com/home^
WIR.UN^WPT Industrial Real Estate Investment Trust^60101020^^^Canada^https://www.breit.com/^
WSP^Wsp Global Inc.^20103010^277846^^Canada^https://www.wsp.com/en-ca^
YRI^Yamana Gold Inc^15104030^31519^^Canada^https://www.yamana.com/English/home/default.aspx^
YLO^Yellow Media Inc.^25401040^155313^^Canada^https://corporate.yp.ca/en/^
DTV^DIRECTV^^89954^^USA^https://www.directv.com/^
ETN^EATON CORP^^11762^^USA^https://www.eaton.com/us/en-us.html^
EIX^EDISON INTERNATIONAL^^15720^^USA^https://www.edison.com/^
ECL^ECOLAB INC^^70578^^USA^https://en-ca.ecolab.com/^
EMN^EASTMAN CHEMICAL CO^^80080^^USA^https://www.eastman.com/en^
EBAY^EBAY INC^^86356^^USA^https://www.ebay.com/^
DISCA^DISCOVERY COMMUNICATIONS INC / DISCOVERY INC^^90805^^USA^https://corporate.discovery.com/^
DFS^DISCOVER FINANCIAL SERVICES^^92121^^USA^https://www.discover.com/company/^
DLR^DIGITAL REALTY TRUST INC^^90373^^USA^https://www.digitalrealty.com/^
AYE^ALLEGHENY ENERGY INC^^10137^First Energy^USA^https://firstenergycorp.com/fehome.html^
GENZ^GENZYME CORP^^10324^Sanofi^USA^https://www.sanofi.com/en/^
ITT^I T T CORP / I T T INC^^12570^^USA^https://www.itt.com/about^
RSH^RADIOSHACK CORP^^15560^^USA^https://www.radioshack.com/^
MEE^MASSEY ENERGY CO^^26382^Alpha metallurgical resources^USA^https://alphametresources.com/^
MDP^MEREDITH CORP^^42796^Dotdash meredith^USA^https://www.dotdashmeredith.com/^
GAS^NICOR INC^^48274^^USA^https://www.nicorinc.net/^
NSM^NATIONAL SEMICONDUCTOR CORP^^51377^Texas Instruments^USA^https://www.ti.com/^
MI^MARSHALL & ILSLEY CORP NEW^^51706^BMO^USA^https://www.bmo.com/main/about-bmo/^
TLAB^TELLABS INC^^75257^^USA^https://www.tellabs.com/^
CEPH^CEPHALON INC^^76625^teva pharmaceuticals^USA^https://www.tevapharm.com/^
MFE^MCAFEE INC^^77976^^USA^https://www.mcafee.com/en-ca/index.html^
CPWR^COMPUWARE CORP^^78139^^USA^https://www.bmc.com/it-solutions/brands/compuware.html^
QLGC^QLOGIC CORP^^80266^Marvell Technology^USA^https://www.marvell.com/^
AKS^A K STEEL HOLDING CORP^^80303^Cleveland Cliffs^USA^https://www.clevelandcliffs.com/^
PLD^PROLOGIS^^80406^^USA^https://www.prologis.com/^
WFR / SUNE^"M E M C ELECTRONIC MATERIALS INC /SUNEDISON INC"^^81776^^USA^https://www.sunedison.com/^
MWW^MONSTER WORLDWIDE INC^^84342^^USA^https://www.monster.com/^
Q^QWEST COMMUNICATIONS INTL INC^^85032^Century Link^USA^https://www.centurylink.com/^
JNS^JANUS CAP GROUP INC^^88313^Janus Henderson^USA^https://www.janushenderson.com/en-us/^
NOVL^NOVELL INC^^90609^Micro Focus^USA^https://www.microfocus.com/en-us/home^
NVLS^NOVELLUS SYSTEMS INC^^12067^Lam Research^USA^https://www.lamresearch.com/^
GR^GOODRICH CORP^^12140^Raytheon Technologies^USA^https://www.rtx.com/^
SUN^SUNOCO INC^^14656^^USA^https://www.sunoco.com/^
SLE / HSH^SARA LEE CORP / HILLSHIRE BRANDS CO^^22840^Tyson Foods^USA^https://www.tysonfoods.com/hillshire-brands^
PGN^PROGRESS ENERGY INC^^23114^Duke energy^USA^https://www.duke-energy.com/home^
CEG^CONSTELLATION ENERGY GROUP INC^^24221^^USA^https://www.constellation.com/^
RRD^DONNELLEY R R & SONS CO^^38682^^USA^https://www.rrd.com/^
SVU^SUPERVALU INC^^44951^^USA^https://supervalu.ie/^
DV / ATGE^"DEVRY INC DEL /DEVRY EDUCATION GROUP INC /ADTALEM GLOBAL EDUCATION INC"^^76708^^USA^https://www.adtalem.com/^
EP^EL PASO CORP^^77481^Kinder Morgan^USA^https://www.kindermorgan.com/^
LXK^LEXMARK INTERNATIONAL INC NEW^^82643^^USA^https://www.lexmark.com/en_us.html^
TIE^TITANIUM METALS CORP^^83699^Timet^USA^https://www.timet.com/^
FII / FHI^"FEDERATED INVESTORS INC PA /FEDERATED HERMES INC"^^86102^^USA^https://www.federatedinvestors.com/home.do^
SHLD^SEARS HOLDINGS CORP^^89757^^USA^https://www.sears.com/^
MHS^MEDCO HEALTH SOLUTIONS INC^^89813^Express scripts^USA^https://www.express-scripts.ca/^
MMI^MOTOROLA MOBILITY HOLDINGS INC^^12456^^USA^https://www.motorola.com/us/^
CBE^COOPER INDUSTRIES PLC^^21979^Eaton Corp^USA^https://www.eaton.com/us/en-us.html^
ANR^ALPHA NATURAL RESOURCES INC^^90547^^USA^https://alphametresources.com/^
DELL^DELL INC^^11081^^USA^https://www.dell.com/en-ca^
BMC^B M C SOFTWARE INC^^11976^^USA^https://www.bmc.com/^
JCP^PENNEY J C CO INC^^18403^^USA^https://www.jcpenney.com/^
HNZ^HEINZ H J CO^^23077^^USA^https://www.heinz.com/en-CA/^
FHN^FIRST HORIZON NATIONAL CORP^^36397^^USA^https://www.firsthorizon.com/First-Horizon-Corporation^
S^SPRINT NEXTEL CORP^^39087^^USA^https://sprint.com/about/^
TER^TERADYNE INC^^51369^^USA^https://www.teradyne.com/^
MOLX^MOLEX INC^^54827^^USA^https://www.molex.com/^
AMD^ADVANCED MICRO DEVICES INC^^61241^^USA^https://www.amd.com/en^
BIG^BIG LOTS INC^^67467^^USA^https://www.biglots.com/^
CVH^COVENTRY HEALTH CARE INC^^76619^Aetna^USA^https://www.aetna.com/^
JDSU / VIAV^"J D S UNIPHASE CORP /VIAVI SOLUTIONS INC"^^79879^^USA^https://www.viavisolutions.com/en-us^
APOL^"APOLLO GROUP INC /APOLLO EDUCATION GROUP INC"^^81138^Apollo Global Management^USA^https://www.apollo.com/^
DF^DEAN FOODS CO NEW^^83421^Dairy Farmers of America^USA^https://www.dfamilk.com/^
ANF^ABERCROMBIE & FITCH CO^^83976^^USA^https://www.abercrombie.com/shop/ca?&cmp=PDS:EVG:20:A:D:CA:X:GGL:X:BST:X:X:X:X:x:TM_CA_EN_CoreTM_X_Exact_TM_CA_EN_Core_X_X_%5Babercrombie%5D&gclid=CjwKCAiArNOeBhAHEiwAze_nKBv2Q08xeDJK1E-k0weWTZwRt5A9iemrda_TigEZGo5gEXpz8mT8oRoCvH4QAvD_BwE&gclsrc=aw.ds^
NYX^N Y S E EURONEXT^^91143^^USA^https://www.euronext.com/en^
SAI / LDOS^"S A I C INC /LEIDOS HOLDINGS INC"^^91547^^USA^https://www.leidos.com/^
PCS / TMUS^"METROPCS COMMUNICATIONS INC /T MOBILE U S INC"^^91937^^USA^https://www.t-mobile.com/^
FO / BEAM^"FORTUNE BRANDS INC /BEAM INC"^^10225^^USA^https://www.beamsuntory.com/en^
CLF^"CLIFFS NATURAL RESOURCES INC /CLEVELAND CLIFFS INC NEW"^^27422^^USA^https://www.clevelandcliffs.com/^
BMS^BEMIS CO INC^^43772^^USA^https://www.bemismfg.com/^
FRX^FOREST LABS INC^^45241^Allergan^USA^https://www.allergan.ca/en-ca/home/home-aa^
IGT^INTERNATIONAL GAME TECHNOLOGY^^45277^^USA^https://www.igt.com/^
RDC^ROWAN COMPANIES PLC^^45495^Valaris^USA^https://www.valaris.com/news/news-details/2019/Ensco-plc-and-Rowan-Companies-plc-Merge-to-Form-Ensco-Rowan-plc-Industry-Leading-Offshore-Driller/default.aspx^
LSI^L S I CORP NEW^^48267^^USA^https://www.lsicorp.com/^
WPO / GHC^"WASHINGTON POST CO /GRAHAM HOLDINGS CO"^^53225^^USA^https://www.ghco.com/^
SLM^S L M CORP^^66325^^USA^https://www.salliemae.com/^
X^UNITED STATES STEEL CORP NEW^^76644^^USA^https://www.ussteel.com/^
JBL^JABIL CIRCUIT INC / JABIL INC^^79094^^USA^https://www.jabil.com/^
LIFE^LIFE TECHNOLOGIES CORP^^86725^ThermoFisher^USA^https://www.thermofisher.com/ca/en/home/brands/life-technologies.html^
BTU^PEABODY ENERGY CORP^^88991^^USA^https://www.peabodyenergy.com/^
WPX^W P X ENERGY INC^^13141^Devon Energy^USA^https://www.devonenergy.com/^
LO^LORILLARD INC^^17279^Imperial Tobacco^USA^https://www.imperialtobaccocanada.com/^
TEG^INTEGRYS ENERGY GROUP INC^^25099^Constellation Energy^USA^https://www.constellationenergy.com/^
NBR^NABORS INDUSTRIES LTD^^29102^^USA^https://www.nabors.com/^
PLL^PALL CORP^^35051^^USA^https://www.pall.com/^
CSC / DXC^"COMPUTER SCIENCES CORP /D X C TECHNOLOGY CO"^^40125^^USA^https://dxc.com/us/en^
AVP^AVON PRODUCTS INC^^40416^^USA^https://www.avon.ca/shop/en/avon-ca/home#.Y9Ws7HbMLIU^
ATI^ALLEGHENY TECHNOLOGIES^^43123^^USA^https://www.atimaterials.com/^
FDO^FAMILY DOLLAR STORES INC^^53866^^USA^https://www.familydollar.com/^
SIAL^SIGMA ALDRICH CORP^^70536^^USA^https://www.sigmaaldrich.com/CA/en^
ALTR^ALTERA CORP^^75577^Intel^USA^https://www.intel.com/content/www/us/en/homepage.html^
AGN^ALLERGAN INC^^75646^^USA^https://www.allergan.com/home.aspx^
SWY^SAFEWAY INC^^76149^^USA^https://www.safeway.ca/^
DNR^DENBURY RESOURCES INC^^82196^^USA^https://www.denbury.com/^
HCBK^HUDSON CITY BANCORP INC^^87070^M&T Bank^USA^https://www3.mtb.com/^
HSP^HOSPIRA INC^^90110^Pfizer^USA^https://www.pfizer.com/^
GNW^GENWORTH FINANCIAL INC^^90162^^USA^https://www.genworth.com/^
WIN^WINDSTREAM CORP / WINDSTREAM HOLDINGS INC^^91391^^USA^https://www.windstream.com/siteselector^
CFN^CAREFUSION CORP^^92988^BD^USA^https://www.bd.com/en-us^
QEP^Q E P RESOURCES INC^^93422^^USA^https://ir.diamondbackenergy.com/^
JOYG / JOY^JOY GLOBAL INC^^89105^Komatsu^USA^https://mining.komatsu/^
NE^NOBLE CORP BAAR / NOBLE CORP PLC^^90537^^USA^https://www.noblecorp.com/^
COV^COVIDIEN PLC^^92156^Medtronic^USA^https://www.medtronic.com/covidien/en-ca/index.html^
KRFT^KRAFT FOODS GROUP INC^^13598^Kraft Heinz^USA^https://www.kraftheinzcompany.com/^
PETM^PETSMART INC^^79411^^USA^https://www.petsmart.ca/^
EMC^E M C CORP MA^^10147^Dell^USA^https://www.dell.com/en-ca/shop?gacd=9683522-3015-5761040-266357531-0&dgc=st&gclid=Cj0KCQiAz9ieBhCIARIsACB0oGJgwmQN_SzcF3xiBcOfgYWp9XbRu1liDX4DGZz-NCVNAzjofFSZ4loaArxCEALw_wcB&gclsrc=aw.ds&nclid=ASybT14ZGA0FOiN8Ggtb6BwUy7n1HmDpSZVju6EHbYbBVoDSOH-1csS7LbOaXEm5^
POM^PEPCO HOLDINGS INC^^23501^^USA^https://www.pepco.com/Pages/default.aspx^
TE^T E C O ENERGY INC^^37161^^USA^https://www.tecoenergy.com/^
JCI^JOHNSON CONTROLS INC^^42534^^USA^https://www.johnsoncontrols.com/^
THC^TENET HEALTHCARE CORP^^52337^^USA^https://www.tenethealth.com/^
CB^CHUBB CORP^^59192^^USA^https://www.chubb.com/ca-en/^
PCP^PRECISION CASTPARTS CORP^^63830^^USA^https://www.precast.com/^
LM^LEGG MASON INC^^65330^Franklin Templeton Investments^USA^https://www.franklintempleton.com/^
CVC^CABLEVISION SYSTEMS CORP^^68857^Altice^USA^https://www.alticeusa.com/^
ARG^AIRGAS INC^^70308^^USA^https://www.airgas.com/^
CCE^COCA COLA ENTERPRISES INC NEW^^70500^^USA^https://www.coca-colacompany.com/^
PCL^PLUM CREEK TIMBER CO INC^^75592^Weyerhaeuser^USA^https://www.weyerhaeuser.com/^
OI^OWENS ILL INC / O I GLASS INC^^77157^^USA^https://www.o-i.com/^
CAM^CAMERON INTERNATIONAL CORP^^81857^Schlumberger^USA^https://www.slb.com/companies/cameron^
DO^DIAMOND OFFSHORE DRILLING INC^^82298^^USA^https://www.diamondoffshore.com/^
SNDK^SANDISK CORP^^82618^^USA^https://www.sandisk.com/goto/connect^
BRCM^BROADCOM CORP^^85963^^USA^https://www.broadcom.com/^
CNX^CONSOL ENERGY INC / C N X RESOURCES CORP^^86799^^USA^https://www.cnx.com/^
GME^GAMESTOP CORP NEW^^89301^^USA^https://gamestop.gcs-web.com/^
HOT^STARWOOD HOTELS & REST WLDWD INC^^91207^Marriott^USA^https://www.marriott.com/default.mi^
TWC^TIME WARNER CABLE INC^^91883^Spectrum^USA^https://www.spectrum.com/^
AGL / GAS^A G L RESOURCES INC^^15553^Southern Company Gas^USA^https://southerncompanygas.com/^
ADT^A D T CORP^^13567^^USA^https://www.adt.com/^
FOSL^FOSSIL INC / FOSSIL GROUP INC^^79089^^USA^https://www.fossilgroup.com/^
ESV / VAL^"E N S C O PLC NEW /E N S C O ROWAN PLC /VALARIS PLC"^^93159^^USA^https://www.valaris.com/home/default.aspx^
GMCR^"GREEN MOUNTAIN COFFEE ROASTERS I /KEURIG GREEN MOUNTAIN INC"^^79588^^USA^https://www.keurig.ca/green-mountain-coffee^
BXLT^BAXALTA INC^^15401^Takeda Pharmaceutical ^USA^https://www.takeda.com/en-ca/^
CPGX^COLUMBIA PIPELINE GROUP INC^^15404^TC Energy^USA^https://www.tcenergy.com/^
LLTC^LINEAR TECHNOLOGY CORP^^10299^Analog devices^USA^https://www.analog.com/en/index.html^
DD^DU PONT E I DE NEMOURS & CO^^11703^^USA^https://www.dupont.com/^
DOW^DOW CHEMICAL CO^^20626^^USA^https://www.dow.com/en-us^
FTR^FRONTIER COMMUNICATIONS CORP^^23887^^USA^https://frontier.com/^
PBI^PITNEY BOWES INC^^24459^^USA^https://www.pitneybowes.com/us^
R^RYDER SYSTEMS INC^^27633^^USA^https://ryder.com/^
MUR^MURPHY OIL CORP^^28345^^USA^https://www.murphyoilcorp.com/^
GCI / TGNA^GANNETT CO INC / TEGNA INC^^47941^^USA^https://www.tegna.com/^
SWN^SOUTHWESTERN ENERGY CO^^63765^^USA^https://www.swn.com/^
STJ^ST JUDE MEDICAL INC^^68591^Abbott^USA^https://www.abbott.com/corpnewsroom/strategy-and-strength/st-jude-medical-is-now-abbott.html^
HAR^HARMAN INTL INDS INC NEW^^75224^^USA^https://www.harman.com/^
SPLS^STAPLES INC^^75489^^USA^https://www.staples.ca/^
AN^AUTONATION INC DEL^^76282^^USA^https://www.autonation.com/^
WFM^WHOLE FOODS MARKET INC^^77281^^USA^https://www.wholefoodsmarket.com/^
BBBY^BED BATH & BEYOND INC^^77659^^USA^https://www.bedbathandbeyond.com/^
URBN^URBAN OUTFITTERS INC^^79881^^USA^https://www.urbanoutfitters.com/en-ca/^
YHOO^YAHOO INC^^83435^^USA^https://ca.yahoo.com/?p=us^
RAI^REYNOLDS AMERICAN INC^^86946^^USA^https://www.reynoldsamerican.com/^
DNB^DUN & BRADSTREET CORP DEL NEW^^88590^^USA^https://www.dnb.com/ca-en/^
FTI^F M C TECHNOLOGIES INC^^89004^^USA^https://www.technipfmc.com/^
FSLR^FIRST SOLAR INC^^91611^^USA^https://www.firstsolar.com/^
SE^SPECTRA ENERGY CORP^^91650^Enbridge^USA^https://www.spectraenergy.com/^
TDC^TERADATA CORP DE^^92293^^USA^https://www.teradata.com/^
MJN^MEAD JOHNSON NUTRITION CO^^92890^^USA^https://www.meadjohnson.com/^
RIG^TRANSOCEAN LTD^^79237^^USA^https://www.deepwater.com/^
MNK^MALLINCKRODT PLC^^14011^^USA^https://www.mallinckrodt.com/^
LVLT^LEVEL 3 COMMUNICATIONS INC^^85991^Lumen^USA^https://www.lumen.com/en-us/home.html^
ENDP^"ENDO PHARMACEUTICALS HLDGS INC /ENDO HEALTH SOLUTIONS INC /ENDO INTERNATIONAL PLC"^^88436^^USA^https://www.endo.com/^
SCG^SCANA CORP NEW^^23085^^USA^https://www.scanaenergy.com/^
EQT^E Q T CORP^^24328^^USA^https://www.eqt.com/^
CA^C A INC^^25778^Broadcom^USA^https://www.broadcom.com/solutions/ca-technologies-infrastructure-software-solutions^
TSO / ANDV^"TESORO CORP /ANDEAVOR"^^37284^Marathon Petroleum^USA^https://www.marathonpetroleum.com/^
BCR^BARD C R INC^^46877^BD (Becton, Dickinson and Company)^USA^https://www.bd.com/en-us^
RRC^RANGE RESOURCES CORP^^50017^^USA^https://www.rangeresources.com/^
TWX^TIME WARNER INC NEW^^77418^Warner Media^USA^https://www.warnermedia.com/ca^
ESRX^"EXPRESS SCRIPTS INC /EXPRESS SCRIPTS HOLDING CO"^^77668^^USA^https://www.express-scripts.ca/^
PX^PRAXAIR INC^^77768^Linde Canada^USA^https://www.lindecanada.ca/en-ca^
PDCO^PATTERSON COMPANIES INC^^78034^^USA^https://www.pattersoncompanies.com/home/default.aspx^
CHK^CHESAPEAKE ENERGY CORP^^78877^^USA^http://www.chk.com/^
SRCL^STERICYCLE INC^^83906^^USA^https://www.stericycle.ca/en-ca^
XL^X L GROUP PLC^^86314^AXA XL^USA^https://axaxl.com/^
MON^MONSANTO CO NEW^^88668^Bayer^USA^https://www.bayer.com/en/^
AET^AETNA INC NEW^^88845^^USA^https://www.aetna.com/^
COL^ROCKWELL COLLINS INC^^89014^Collins Aerospace^USA^https://www.collinsaerospace.com/^
WYN / WYND / TNL^"WYNDHAM WORLDWIDE CORP /WYNDHAM DESTINATIONS INC /TRAVEL & LEISURE CO"^^91392^^USA^https://www.travelandleisureco.com/^
DPS^DR PEPPER SNAPPLE GROUP INC^^92618^^USA^https://www.keurigdrpepper.com/^
SNI^SCRIPPS NETWORKS INTERACTIVE INC^^92709^^USA^https://scrippsnetworks.com/^
GGP / BPR / BPYU^"GENERAL GROWTH PPTYS INC NEW /G G P INC /BROOKFIELD PROPERTY REIT INC"^^79129^^USA^https://bpy.brookfield.com/^
NAVI^NAVIENT CORP^^14601^^USA^https://navient.com/^
SIG^SIGNET JEWELERS LTD^^12076^^USA^https://www.signetjewelers.com/our-home/default.aspx^
CSRA^C S R A INC^^15797^General Dynamics^USA^https://www.gd.com/^
AMSG / EVHC^"AMSURG CORP /ENVISION HEALTHCARE CORP"^^85675^^USA^https://www.envisionhealth.com/^
AYI^ACUITY BRANDS INC^^89216^^USA^https://www.acuitybrands.com/^
CELG^CELGENE CORP^^11552^^USA^https://www.celgene.com.au/^
PCG^P G & E CORP^^13688^^USA^https://www.pgecorp.com/corp/index.page^
GT^GOODYEAR TIRE & RUBBER CO^^16432^^USA^https://corporate.goodyear.com/us/en.html^
LUK / JEF^"LEUCADIA NATIONAL CORP /JEFFERIES FINANCIAL GROUP INC"^^20415^^USA^https://www.jefferies.com/^
MAT^MATTEL INC^^39538^^USA^https://about.mattel.com/^
STI^SUNTRUST BANKS INC^^68144^Truist^USA^https://www.truist.com/^
APC^ANADARKO PETROLEUM CORP^^70332^Occidental Petroleum^USA^https://www.oxy.com/^
TSS^TOTAL SYSTEM SERVICES INC^^76639^^USA^https://www.tsys.com/^
NFX^NEWFIELD EXPLORATION CO^^79915^Ovinitiv^USA^https://www.ovintiv.com/^
LLL^"L 3 COMMUNICATIONS HLDGS INC /L 3 TECHNOLOGIES INC"^^86021^L3 Harris^USA^https://www.l3harris.com/en-ca/canada?regional_redirect=en-ca^
RHT^RED HAT INC^^87184^^USA^https://www.redhat.com/en^
FLR^FLUOR CORP NEW^^88853^^USA^https://www.fluor.com/^
NWSA / FOXA / TFCFA^"NEWS CORP /TWENTY FIRST CENTURY FOX INC"^^90441^Walt Disney^USA^https://thewaltdisneycompany.com/redirect/^
VIA / VIAB^VIACOM INC NEW^^91063^Paramount^USA^https://www.paramount.com/^
TRIP^TRIPADVISOR INC^^13168^^USA^https://www.tripadvisor.ca/^
MAC^MACERICH CO^^80399^^USA^https://www.macerich.com/^
AMG^AFFILIATED MANAGERS GROUP INC^^85593^^USA^https://www.amg.com/^
FL^FOOT LOCKER INC^^15456^^USA^https://www.footlocker.ca/^
BHF^BRIGHTHOUSE FINANCIAL INC^^16816^^USA^https://www.brighthousefinancial.com/^
NKTR^NEKTAR THERAPEUTICS^^80539^^USA^https://www.nektar.com/^
RTN^RAYTHEON CO^^24942^^USA^https://www.rtx.com/^
HP^HELMERICH & PAYNE INC^^32707^^USA^https://www.helmerichpayne.com/^
HRB^BLOCK H & R INC^^49373^^USA^https://www.hrblock.com/^
JWN^NORDSTROM INC^^57817^^USA^https://www.nordstrom.ca/^
NBL^NOBLE ENERGY INC^^61815^Chevron^USA^https://www.chevron.com/stories/chevron-noble-energy^
MYL^MYLAN INC / MYLAN N V^^69550^Viatris^USA^https://www.mylan.com/^
HOG^HARLEY DAVIDSON INC^^70033^^USA^https://www.harley-davidson.com/ca/en/index.html^
M^MACYS INC^^77462^^USA^https://www.macysinc.com/^
KSS^KOHLS CORP^^77606^^USA^https://corporate.kohls.com/^
WPI / ACT / AGN^"WATSON PHARMACEUTICALS INC /ACTAVIS INC /ALLERGAN PLC"^^78916^^USA^https://www.allergan.ca/en-ca/home/home-aa^
AIV^APARTMENT INVESTMENT & MGMT CO^^80711^^USA^https://www.aimco.com/^
ETFC^E TRADE FINANCIAL CORP^^83862^^USA^https://us.etrade.com/home^
KORS / CPRI^"MICHAEL KORS HOLDINGS LIMITED /CAPRI HOLDINGS LIMITED"^^13142^^USA^http://www.capriholdings.com/corporate-overview/default.aspx^
ADS^ALLIANCE DATA SYSTEMS CORP^^89002^Bread Financial^USA^https://www.breadfinancial.com/^
XEC^CIMAREX ENERGY CO^^89509^Coterra energy^USA^https://www.coterra.com/^
COTY^COTY INC^^13983^^USA^https://www.coty.com/^
WCG^WELLCARE HEALTH PLANS INC^^90272^^USA^https://www.wellcare.com/^
VAR^VARIAN MEDICAL SYSTEMS INC^^27043^^USA^https://www.varian.com/^
XRX^XEROX CORP / XEROX HOLDINGS CORP^^27983^^USA^https://www.xerox.com/en-us^
FLS^FLOWSERVE CORP^^30940^^USA^https://www.flowserve.com/en/^
LEG^LEGGETT & PLATT INC^^60943^^USA^https://leggett.com/^
UNM^UNUM GROUP^^71175^^USA^https://www.unum.com/^
TIF^TIFFANY & CO NEW^^75100^^USA^https://www.tiffany.ca/choose-your-language/^
FLIR^FLIR SYSTEMS INC^^79265^^USA^https://www.flir.ca/^
NOV^NATIONAL OILWELL VARCO INC / N O V INC^^84032^^USA^https://www.nov.com/^
WU^WESTERN UNION CO^^91461^^USA^https://www.westernunion.com/ca/en/home.html^
PRGO^PERRIGO CO PLC^^77182^^USA^https://www.perrigo.com/^
ALXN^ALEXION PHARMACEUTICALS INC^^83111^^USA^https://alexion.com/^
KSU^KANSAS CITY SOUTHERN^^12650^^USA^https://www.kcsouthern.com/^
SLG^S L GREEN REALTY CORP^^85265^^USA^https://slgreen.com/^
HBI^HANESBRANDS INC^^91416^^USA^https://www.hanes.com/^
CXO^CONCHO RESOURCES INC^^92239^ConocoPhillips^USA^https://www.conocophillips.com/^
FTI^TECHNIPFMC PLC^^16538^^USA^https://www.technipfmc.com/^
MXIM^MAXIM INTEGRATED PRODUCTS INC^^11896^Analog devices^USA^https://www.analog.com/en/index.html^
HFC / DINO^"HOLLYFRONTIER CORP / H F SINCLAIR CORP"^^32803^^USA^https://www.hfsinclair.com/home/default.aspx^
VNT^VONTIER CORP^^19807^^USA^https://www.vontier.com/^
GPS^GAP INC^^59010^^USA^https://www.gapinc.com/en-us/^
XLNX^XILINX INC^^76201^^USA^https://www.xilinx.com/^
INFO^I H S MARKIT LTD^^14704^^USA^https://news.ihsmarkit.com/^
ORCL^ORACLE CORP^^10104^^USA^https://www.oracle.com/ca-en/^
MSFT^MICROSOFT CORP^^10107^^USA^https://www.microsoft.com/en-ca^
TROW^T ROWE PRICE GROUP INC^^10138^^USA^https://www.troweprice.com/corporate/us/en/home.html^
HON^HONEYWELL INTERNATIONAL INC^^10145^^USA^https://www.honeywell.com/us/en^
ADM^ARCHER DANIELS MIDLAND CO^^10516^^USA^https://www.adm.com/^
FISV^FISERV INC^^10696^^USA^https://www.fiserv.com/en-ca.html^
CERN^CERNER CORP^^10909^^USA^https://www.cerner.com/^
KO^COCA COLA CO^^11308^^USA^https://www.coca-colacompany.com/^
ED^CONSOLIDATED EDISON INC^^11404^^USA^https://www.coned.com/en/^
XRAY^"DENTSPLY INTERNATIONAL INC NEW / DENTSPLY SIRONA INC"^^11600^^USA^https://www.dentsplysirona.com/en-us^
FAST^FASTENAL COMPANY^^11618^^USA^https://www.fastenal.com/^
DTE^D T E ENERGY CO^^11674^^USA^https://newlook.dteenergy.com/^
XOM^EXXON MOBIL CORP^^11850^^USA^https://corporate.exxonmobil.com/^
WM^WASTE MANAGEMENT INC DEL^^11955^^USA^https://www.wm.com/ca/en/home^
GD^GENERAL DYNAMICS CORP^^12052^^USA^https://www.gd.com/^
GE^GENERAL ELECTRIC CO^^12060^^USA^https://www.ge.com/^
LH^LABORATORY CORP AMERICA HLDGS^^12062^^USA^https://www.labcorp.com/^
PBCT^PEOPLES UNITED FINANCIAL INC^^12073^M&T Bank^USA^https://www3.mtb.com/homepage/about-us/welcome-to-mandt/peoples-united^
IR / TT^"INGERSOLL RAND PLC / TRANE TECHNOLOGIES PLC"^^12431^^USA^https://www.tranetechnologies.com/en/index.html^
IBM^INTERNATIONAL BUSINESS MACHS COR^^12490^^USA^https://www.ibm.com/ca-en^
PEP^PEPSICO INC^^13856^^USA^https://www.pepsico.com/^
MO^ALTRIA GROUP INC^^13901^^USA^https://www.altria.com/en^
COP^CONOCOPHILLIPS^^13928^^USA^https://www.conocophillips.com/^
AMGN^AMGEN INC^^14008^^USA^https://www.amgen.ca/^
SLB^SCHLUMBERGER LTD^^14277^^USA^https://www.slb.com/^
CVX^CHEVRON CORP NEW^^14541^^USA^https://www.chevron.com/^
AAPL^APPLE INC^^14593^^USA^https://www.apple.com/^
AMAT^APPLIED MATERIALS INC^^14702^^USA^https://www.appliedmaterials.com/^
MRO^MARATHON OIL CORP^^15069^^USA^https://www.marathonoil.com/^
VMC^VULCAN MATERIALS CO^^15202^^USA^https://www.vulcanmaterials.com/^
TXN^TEXAS INSTRUMENTS INC^^15579^^USA^https://www.ti.com/^
HSY^HERSHEY CO^^16600^^USA^https://www.thehersheycompany.com/en_us/home.html^
KR^KROGER COMPANY^^16678^^USA^https://www.kroger.com/^
CVS^"C V S CAREMARK CORP / C V S HEALTH CORP"^^17005^^USA^https://www.cvshealth.com/^
GIS^GENERAL MILLS INC^^17144^^USA^https://www.generalmills.com/^
MHP / MHFI / SPGI^"MCGRAW HILL COS INC / MCGRAW HILL FINANCIAL INC / S & P GLOBAL INC"^^17478^^USA^https://www.spglobal.com/en/^
KMB^KIMBERLY CLARK CORP^^17750^^USA^https://www.kimberly-clark.com/en-us/^
UTX / RTX^"UNITED TECHNOLOGIES CORP / RAYTHEON TECHNOLOGIES CORP"^^17830^^USA^https://www.rtx.com/^
PG^PROCTER & GAMBLE CO^^18163^^USA^https://pg.ca/en-ca/^
SO^SOUTHERN CO^^18411^^USA^https://www.southerncompany.com/^
CAT^CATERPILLAR INC^^18542^^USA^https://www.caterpillar.com/^
CL^COLGATE PALMOLIVE CO^^18729^^USA^https://www.colgatepalmolive.ca/en-ca^
FMC^F M C CORP^^19166^^USA^https://www.fmc.com/en^
DE^DEERE & CO^^19350^^USA^https://www.deere.com/en/index.html^
BMY^BRISTOL MYERS SQUIBB CO^^19393^^USA^https://www.bms.com/^
WAG / WBA^"WALGREEN CO / WALGREENS BOOTS ALLIANCE INC"^^19502^^USA^https://www.walgreens.com/^
BA^BOEING CO^^19561^^USA^https://www.boeing.com/^
IVZ^INVESCO LTD^^19583^^USA^https://www.invesco.com/ca/en/country-splash.html?src=%2Fca%2Fen%2Fhome.html^
ABT^ABBOTT LABORATORIES^^20482^^USA^https://www.abbott.com/^
LMT^LOCKHEED MARTIN CORP^^21178^^USA^https://www.lockheedmartin.com/^
MWV / WRK^"MEADWESTVACO CORP / WESTROCK CO"^^21186^^USA^https://www.westrock.com/^
NEM^"NEWMONT MINING CORP / NEWMONT GOLDCORP CORP / NEWMONT CORP"^^21207^^USA^https://newmont.com/^
CAH^CARDINAL HEALTH INC^^21371^^USA^https://www.cardinalhealth.com/en.html^
IP^INTERNATIONAL PAPER CO^^21573^^USA^https://www.internationalpaper.com/^
EXC^EXELON CORP^^21776^^USA^https://www.exeloncorp.com/^
CNP^CENTERPOINT ENERGY INC^^21792^^USA^https://www.centerpointenergy.com/en-us/pages/selfid.aspx^
PFE^PFIZER INC^^21936^^USA^https://www.pfizer.com/^
EMR^EMERSON ELECTRIC CO^^22103^^USA^https://www.emerson.com/en-ca^
JNJ^JOHNSON & JOHNSON^^22111^^USA^https://www.jnjcanada.com/^
GLW^CORNING INC^^22293^^USA^https://www.corning.com/worldwide/en.html^
PPG^P P G INDUSTRIES INC^^22509^^USA^https://www.ppg.com/^
PPL^P P L CORP^^22517^^USA^https://www.pplweb.com/^
MMM^3M CO^^22592^^USA^https://www.3m.com/^
MRK^MERCK & CO INC NEW^^22752^^USA^https://www.merck.com/^
MOT / MSI^MOTOROLA INC / MOTOROLA SOLUTIONS INC^^22779^^USA^https://www.motorolasolutions.com/en_us.html^
FE^FIRSTENERGY CORP^^23026^^USA^https://firstenergycorp.com/fehome.html^
CMS^C M S ENERGY CORP^^23229^^USA^https://www.cmsenergy.com/home/default.aspx^
CINF^CINCINNATI FINANCIAL CORP^^23473^^USA^https://www.cinfin.com/^
WEC^"WISCONSIN ENERGY CORP /W E C ENERGY GROUP INC"^^23536^^USA^https://www.wecenergygroup.com/^
TXT^TEXTRON INC^^23579^^USA^https://www.textron.com/^
CTAS^CINTAS CORP^^23660^^USA^https://www.cintas.com/^
PEG^PUBLIC SERVICE ENTERPRISE GP INC^^23712^^USA^https://landing.pseg.com/^
HAL^HALLIBURTON COMPANY^^23819^^USA^https://www.halliburton.com/^
XEL^X C E L ENERGY INC^^23931^^USA^https://my.xcelenergy.com/s/^
ETR^ENTERGY CORP NEW^^24010^^USA^https://www.entergy.com/^
AEP^AMERICAN ELECTRIC POWER CO INC^^24109^^USA^https://www.aep.com/^
FPL / NEE^NEXTERA ENERGY INC^^24205^^USA^https://www.nexteraenergyresources.com/^
AA / ARNC / HWM^"ALCOA INC / ARCONIC INC / HOWMET AEROSPACE INC"^^24643^^USA^https://www.howmet.com/^
NOC^NORTHROP GRUMMAN CORP^^24766^^USA^https://www.northropgrumman.com/^
AEE^AMEREN CORP^^24985^^USA^https://www.ameren.com/^
CMA^COMERICA INC^^25081^^USA^https://www.comerica.com/^
OKE^ONEOK INC NEW^^25232^^USA^https://www.oneok.com/^
CPB^CAMPBELL SOUP CO^^25320^^USA^https://www.campbells.com/^
WHR^WHIRLPOOL CORP^^25419^^USA^https://www.whirlpool.ca/en_ca.html^
HRS / LHX^"HARRIS CORP /L3HARRIS TECHNOLOGIES INC"^^25582^^USA^https://www.l3harris.com/en-ca/canada?regional_redirect=en-ca^
F^FORD MOTOR CO DEL^^25785^^USA^https://www.ford.ca/^
DOV^DOVER CORP^^25953^^USA^https://www.dovercorporation.com/^
DIS^DISNEY WALT CO^^26403^^USA^https://thewaltdisneycompany.com/^
L^LOEWS CORP^^26710^^USA^https://loews.com/^
K^KELLOGG CO^^26825^^USA^https://www.kelloggcompany.com/en_US/home.html^
HPQ^HEWLETT PACKARD CO / HP INC^^27828^^USA^https://www.hp.com/ca-en/home.html^
BAX^BAXTER INTERNATIONAL INC^^27887^^USA^https://www.baxter.com/^
DUK^DUKE ENERGY CORP NEW^^27959^^USA^https://www.duke-energy.com/home^
PNW^PINNACLE WEST CAPITAL CORP^^27991^^USA^https://www.pinnaclewest.com/Home/default.aspx^
APD^AIR PRODUCTS & CHEMICALS INC^^28222^^USA^https://www.airproducts.ca/^
VNO^VORNADO REALTY TRUST^^28388^^USA^https://www.vno.com/^
HES^HESS CORP^^28484^^USA^https://www.hess.com/^
BF^BROWN FORMAN CORP^^29946^^USA^https://www.brown-forman.com/^
OMC^OMNICOM GROUP INC^^30681^^USA^https://www.omnicomgroup.com/^
HRL^HORMEL FOODS CORP^^32870^^USA^https://www.hormelfoods.com/^
MAS^MASCO CORP^^34032^^USA^https://masco.com/^
FITB^FIFTH THIRD BANCORP^^34746^^USA^https://www.53.com/content/fifth-third/en.html^
NUE^NUCOR CORP^^34817^^USA^https://nucor.com/^
OXY^OCCIDENTAL PETROLEUM CORP^^34833^^USA^https://www.oxy.com/^
RF^REGIONS FINANCIAL CORP NEW^^35044^^USA^https://ir.regions.com/^
MTB^M & T BANK CORP^^35554^^USA^https://www3.mtb.com/^
SHW^SHERWIN WILLIAMS CO^^36468^^USA^https://www.sherwin-williams.com/^
BEN^FRANKLIN RESOURCES INC^^37584^^USA^https://www.franklinresources.com/^
WMB^WILLIAMS COS^^38156^^USA^https://www.williams.com/^
WFC^WELLS FARGO & CO NEW^^38703^^USA^https://www.wellsfargo.com/^
NI^NISOURCE INC^^38762^^USA^https://www.nisource.com/^
APA^APACHE CORP / A P A CORP^^39490^^USA^https://apacorp.com/^
BDX^BECTON DICKINSON & CO^^39642^^USA^https://www.bd.com/en-us^
WY^WEYERHAEUSER CO^^39917^^USA^https://www.weyerhaeuser.com/^
IFF^INTERNATIONAL FLAVORS & FRAG INC^^40272^^USA^https://www.iff.com/^
TJX^T J X COMPANIES INC NEW^^40539^^USA^https://www.tjx.com/^
CMI^CUMMINS INC^^41080^^USA^https://www.cummins.com/^
PH^PARKER HANNIFIN CORP^^41355^^USA^https://www.parker.com/us/en/home.html^
PKI^PERKINELMER INC^^42200^^USA^https://www.perkinelmer.com/uk/^
SJM^SMUCKER J M CO^^42585^^USA^https://www.jmsmucker.com/^
HBAN^HUNTINGTON BANCSHARES INC^^42906^^USA^https://www.huntington.com/^
SWK^STANLEY BLACK & DECKER INC^^43350^^USA^https://www.stanleyblackanddecker.com/^
MCD^MCDONALDS CORP^^43449^^USA^https://www.mcdonalds.com/ca/en-ca.html^
VFC^V F CORP^^43553^^USA^https://www.vfc.com/^
NU / ES^"NORTHEAST UTILITIES / EVERSOURCE ENERGY"^^44206^^USA^https://www.eversource.com/content/residential^
AVY^AVERY DENNISON CORP^^44601^^USA^https://www.averydennison.com/en/home.html^
ADP^AUTOMATIC DATA PROCESSING INC^^44644^^USA^https://www.adp.com/^
TYC / JCI^"TYCO INTERNATIONAL LTD SWTZLND / TYCO INTERNATIONAL PLC IRELAND / JOHNSON CONTROLS INTL PLC"^^45356^^USA^https://www.johnsoncontrols.com/^
MMC^MARSH & MCLENNAN COS INC^^45751^^USA^https://www.marshmclennan.com/^
CLX^CLOROX CO^^46578^^USA^https://www.clorox.com/^
GPC^GENUINE PARTS CO^^46674^^USA^https://www.genpt.com/^
HST^HOST HOTELS & RESORTS INC^^46703^^USA^https://www.hosthotels.com/^
KLAC^K L A TENCOR CORP / K L A CORP^^46886^^USA^https://www.kla.com/^
JPM^JPMORGAN CHASE & CO^^47896^^USA^https://www.jpmorgan.com/CA/en/about-us^
MCO^MOODYS CORP^^48506^^USA^https://www.moodys.com/^
HUM^HUMANA INC^^48653^^USA^https://www.humana.com/^
UNP^UNION PACIFIC CORP^^48725^^USA^https://www.up.com/index.htm^
LNC^LINCOLN NATIONAL CORP^^49015^Lincoln Financial^USA^https://www.lincolnfinancial.com/public/individuals^
TGT^TARGET CORP^^49154^^USA^https://corporate.target.com/^
BK^BANK OF NEW YORK MELLON CORP^^49656^^USA^https://www.bnymellon.com/^
DHR^DANAHER CORP^^49680^^USA^https://www.danaher.com/^
LLY^LILLY ELI & CO^^50876^^USA^https://www.lilly.com/^
SYY^SYSCO CORP^^52038^^USA^https://www.sysco.com/^
MKC^MCCORMICK & CO INC^^52090^^USA^https://www.mccormickcorporation.com/^
RHI^ROBERT HALF INTERNATIONAL INC^^52230^^USA^https://www.roberthalf.ca/en^
JEC / J^JACOBS ENGINEERING GROUP INC^^52329^^USA^https://www.jacobs.com/^
EFX^EQUIFAX INC^^52476^^USA^https://www.equifax.com/^
GWW^GRAINGER W W INC^^52695^^USA^https://www.grainger.ca/en^
LEN^LENNAR CORP^^52708^^USA^https://www.lennar.com/^
HAS^HASBRO INC^^52978^^USA^https://shop.hasbro.com/en-ca^
IPG^INTERPUBLIC GROUP COS INC^^53065^^USA^https://www.interpublic.com/^
MU^MICRON TECHNOLOGY INC^^53613^^USA^https://www.micron.com/^
PHM^PULTE GROUP INC^^54148^^USA^https://www.pultegroupinc.com/home/default.aspx^
WMT^WALMART INC^^55976^^USA^https://corporate.walmart.com/^
CAG^CONAGRA INC / CONAGRA BRANDS INC^^56274^^USA^https://www.conagrabrands.com/^
ITW^ILLINOIS TOOL WORKS INC^^56573^^USA^https://www.itw.com/^
BLL^BALL CORP^^57568^^USA^https://www.ball.com/^
NKE^NIKE INC^^57665^^USA^https://www.nike.com/ca/^
AFL^AFLAC INC^^57904^^USA^https://www.aflac.com/^
NTRS^NORTHERN TRUST CORP^^58246^^USA^https://www.northerntrust.com/canada/home^
LUV^SOUTHWEST AIRLINES CO^^58683^^USA^https://www.southwest.com/^
AXP^AMERICAN EXPRESS CO^^59176^^USA^https://www.americanexpress.com/en-ca/^
TAP^"MOLSON COORS BREWING CO / MOLSON COORS BEVERAGE CO"^^59248^^USA^https://www.molsoncoors.com/av?url=https://www.molsoncoors.com/^
INTC^INTEL CORP^^59328^^USA^https://www.intel.ca/content/www/ca/en/homepage.html^
BAC^BANK OF AMERICA CORP^^59408^^USA^https://www.bankofamerica.com/^
TRV^TRAVELERS COMPANIES INC^^59459^^USA^https://www.travelerscanada.ca/^
MDT^MEDTRONIC PLC^^60097^^USA^https://www.medtronic.com/ca-en/index.html^
SNA^SNAP ON INC^^60206^^USA^https://www.snapon.com/^
PNC^P N C FINANCIAL SERVICES GRP INC^^60442^^USA^https://www.pnc.com/en/about-pnc.html^
PCAR^PACCAR INC^^60506^^USA^https://www.paccar.com/^
CTL / LUMN^"CENTURYLINK INC / LUMEN TECHOLOGIES INC"^^60599^^USA^https://www.lumen.com/en-us/home.html^
FDX^FEDEX CORP^^60628^^USA^https://www.fedex.com/en-us/home.html^
ADI^ANALOG DEVICES INC^^60871^^USA^https://www.analog.com/en/index.html^
NWL^"NEWELL RUBBERMAID INC / NEWELL BRANDS INC"^^60986^^USA^https://www.newellbrands.com/^
LOW^LOWES COMPANIES INC^^61399^^USA^https://corporate.lowes.com/^
PAYX^PAYCHEX INC^^61621^^USA^https://www.paychex.com/^
AON^AON CORP / AON PLC^^61735^^USA^https://www.aon.com/home/index^
TMO^THERMO FISHER SCIENTIFIC INC^^62092^^USA^https://www.thermofisher.com/ca/en/home.html^
CSX^C S X CORP^^62148^^USA^https://www.csx.com/^
TMK / GL^"TORCHMARK CORP / GLOBE LIFE INC"^^62308^^USA^https://home.globelifeinsurance.com/^
CI^CIGNA CORP^^64186^^USA^https://www.cigna.com/^
LTD / LB / BBWI^"LIMITED BRANDS INC / L BRANDS INC / BATH & BODY WORKS INC"^^64282^^USA^https://www.bathandbodyworks.com/^
NSC^NORFOLK SOUTHERN CORP^^64311^^USA^http://www.nscorp.com/content/nscorp/en.html^
PGR^PROGRESSIVE CORP OH^^64390^^USA^https://www.progressive.com/^
PSA^PUBLIC STORAGE^^64653^^USA^https://www.publicstorage.com/^
D^"DOMINION RESOURCES INC VA NEW / DOMINION ENERGY INC"^^64936^^USA^https://www.dominionenergy.com/^
KEY^KEYCORP NEW^^64995^Key Bank^USA^https://www.key.com/personal/index.html^
VZ^VERIZON COMMUNICATIONS INC^^65875^^USA^https://www.verizon.com/about^
HCN^"HEALTH CARE REIT INC / WELLTOWER INC"^^65947^^USA^https://welltower.com/^
T^A T & T INC^^66093^^USA^https://www.att.com/^
USB^U S BANCORP DEL^^66157^^USA^https://www.usbank.com/index.html^
HD^HOME DEPOT INC^^66181^^USA^https://www.homedepot.ca/en/home.html^
WDC^WESTERN DIGITAL CORP^^66384^^USA^https://www.westerndigital.com/en-ca^
AIG^AMERICAN INTERNATIONAL GROUP INC^^66800^^USA^https://www.aig.com/individual^
HCP / PEAK^"H C P INC /HEALTHPEAK PROPERTIES INC"^^67598^^USA^https://www.healthpeak.com/^
MS^MORGAN STANLEY DEAN WITTER & CO^^69032^^USA^https://www.morganstanley.com/^
STZ^CONSTELLATION BRANDS INC^^69796^^USA^https://www.cbrands.com/^
C^CITIGROUP INC^^70519^^USA^https://www.citigroup.com/global^
BBT / TFC^"B B & T CORP / TRUIST FINANCIAL CORP"^^71563^^USA^https://www.truist.com/^
STT^STATE STREET CORP^^72726^^USA^https://www.statestreet.com/ca/en/asset-manager^
SYK^STRYKER CORP^^73139^^USA^https://www.stryker.com/us/en/index.html^
BHI / BHGE / BKR^BAKER HUGHES INC / BAKER HUGHES CO^^75034^^USA^https://www.bakerhughes.com/^
CCL^CARNIVAL CORP^^75154^^USA^https://www.carnivalcorp.com/^
SCHW^SCHWAB CHARLES CORP NEW^^75186^^USA^https://www.schwab.com/^
PXD^PIONEER NATURAL RESOURCES CO^^75241^^USA^https://www.pxd.com/^
ADBE^ADOBE SYSTEMS INC / ADOBE INC^^75510^^USA^https://www.adobe.com/ca/^
SYMC / NLOK^"SYMANTEC CORP /NORTONLIFELOCK INC"^^75607^^USA^https://www.nortonlifelock.com/us/en/^
VTR^VENTAS INC^^75819^^USA^https://www.ventasreit.com/^
EOG^EOG RESOURCES INC^^75825^^USA^https://www.eogresources.com/^
ERTS / EA^ELECTRONIC ARTS INC^^75828^^USA^https://www.ea.com/en-ca^
CSCO^CISCO SYSTEMS INC^^76076^^USA^https://www.cisco.com/c/en_ca/index.html^
COG / CTRA^"CABOT OIL & GAS CORP /COTERRA ENERGY INC"^^76082^^USA^https://www.coterra.com/^
CBS / VIAC / PARA^"C B S CORP NEW /VIACOMCBS INC /PARAMOUNT GLOBAL"^^76226^^USA^https://www.paramount.com/^
AZO^AUTOZONE INC^^76605^^USA^https://www.autozone.com/^
AES^A E S CORP^^76712^^USA^https://www.aes.com/^
BIIB^BIOGEN IDEC INC / BIOGEN INC^^76841^^USA^https://www.biogen.com/^
KIM^KIMCO REALTY CORP^^77129^^USA^https://www.kimcorealty.com/^
QCOM^QUALCOMM INC^^77178^^USA^https://www.qualcomm.com/home^
GILD^GILEAD SCIENCES INC^^77274^^USA^https://www.gilead.com/^
ROP^"ROPER INDUSTRIES INC NEW /ROPER TECHNOLOGIES INC"^^77338^^USA^https://www.ropertech.com/^
BSX^BOSTON SCIENTIFIC CORP^^77605^^USA^https://www.bostonscientific.com/en-US/Home.html^
DHI^D R HORTON INC^^77661^^USA^https://www.drhorton.com/^
SBUX^STARBUCKS CORP^^77702^^USA^https://www.starbucks.ca/^
TSN^TYSON FOODS INC^^77730^^USA^https://www.tysonfoods.com/^
INTU^INTUIT INC^^78975^^USA^https://www.intuit.com/ca/^
MCHP^MICROCHIP TECHNOLOGY INC^^78987^^USA^https://www.microchip.com/^
ACE / CB^"ACE LTD NEW /CHUBB LTD"^^79057^^USA^https://www.chubb.com/ca-en/^
ORLY^O REILLY AUTOMOTIVE INC NEW^^79103^^USA^https://www.oreillyauto.com/^
ALL^ALLSTATE CORP^^79323^^USA^https://www.allstatecorporation.com/^
EQR^EQUITY RESIDENTIAL^^79547^^USA^https://www.equityapartments.com/^
SPG^SIMON PROPERTY GROUP INC NEW^^80100^^USA^https://www.simon.com/^
AVB^AVALONBAY COMMUNITIES INC^^80381^^USA^https://www.avaloncommunities.com/?_ga=2.160110845.1119454751.1674947741-938127900.1674947741^
COF^CAPITAL ONE FINANCIAL CORP^^81055^^USA^https://www.capitalone.ca/^
MCK^MCKESSON H B O C INC^^81061^^USA^https://www.mckesson.ca/^
ABC^AMERISOURCEBERGEN CORP^^81540^^USA^https://www.amerisourcebergen.com/^
DRI^DARDEN RESTAURANTS INC^^81655^^USA^https://www.darden.com/^
FCX^"FREEPORT MCMORAN COPPER & GOLD / FREEPORT MCMORAN INC"^^81774^^USA^https://www.fcx.com/^
DVA^"DAVITA INC / DAVITA HEALTHCARE PARTNERS INC /DAVITA INC"^^82307^^USA^https://www.davita.com/^
NTAP^NETAPP INC^^82598^^USA^https://www.netapp.com/^
EL^LAUDER ESTEE COS INC^^82642^^USA^https://www.elcompanies.com/en^
WAT^WATERS CORP^^82651^^USA^https://www.waters.com/nextgen/gb/en.html^
CTXS^CITRIX SYSTEMS INC^^82686^^USA^https://www.citrix.com/^
HIG^HARTFORD FINANCIAL SVCS GRP INC^^82775^^USA^https://www.thehartford.com/business-insurance/financial-services^
IRM^IRON MOUNTAIN INC^^83143^^USA^https://www.ironmountain.com/ca/en?localize=false&utm_source=Google&utm_medium=paid_search&utm_campaign=CA_CoreBrand_Brand_Merkle&utm_term=iron_mountain_company&utm_content=&gclid=Cj0KCQiAz9ieBhCIARIsACB0oGLnU9bgfsy2HQU_-rsLFujQf6AafKcV0MRNzojctl_I5VPJh3vJuVkaAhDiEALw_wcB&gclsrc=aw.ds^
BRK^BERKSHIRE HATHAWAY INC DEL^^83443^^USA^https://www.berkshirehathaway.com/^
ZION^ZIONS BANCORPORATION^^84129^^USA^https://zionsbancorporation.com/overview/corporate-profile/default.aspx^
DGX^QUEST DIAGNOSTICS INC^^84373^^USA^https://www.questdiagnostics.com/^
ROK^ROCKWELL AUTOMATION INC^^84381^^USA^https://www.rockwellautomation.com/en-us.html^
APH^AMPHENOL CORP NEW^^84769^^USA^https://amphenol.com/^
AMZN^AMAZON COM INC^^84788^^USA^https://www.amazon.com/^
BXP^BOSTON PROPERTIES INC^^85058^^USA^https://www.bxp.com/^
RL^"POLO RALPH LAUREN CORP /RALPH LAUREN CORP"^^85072^^USA^https://www.ralphlauren.com/^
VLO^VALERO ENERGY CORP NEW^^85269^^USA^https://www.valero.com/^
YUM^YUM BRANDS INC^^85348^^USA^https://www.yum.com/wps/portal/yumbrands/Yumbrands^
CHRW^CH ROBINSON WORLDWIDE INC^^85459^^USA^https://www.chrobinson.com/en-gb/^
ADSK^AUTODESK INC^^85631^^USA^https://www.autodesk.ca/en^
VRSN^VERISIGN INC^^85753^^USA^https://www.verisign.com/^
PWR^QUANTA SERVICES INC^^85792^^USA^https://www.quantaservices.com/^
MAR^MARRIOTT INTERNATIONAL INC NEW^^85913^^USA^https://www.marriott.com/marriott/aboutmarriott.mi^
BBY^BEST BUY COMPANY INC^^85914^^USA^https://www.bestbuy.ca/en-ca^
SEE^SEALED AIR CORP NEW^^85926^^USA^https://www.sealedair.com/^
AMT^AMERICAN TOWER CORP NEW^^86111^^USA^https://www.americantower.com/^
SRE^SEMPRA ENERGY^^86136^^USA^https://www.sempra.com/^
CTSH^COGNIZANT TECHNOLOGY SOLS CORP^^86158^^USA^https://www.cognizant.com/us/en^
RSG^REPUBLIC SERVICES INC^^86228^^USA^https://www.republicservices.com/^
NVDA^NVIDIA CORP^^86580^^USA^https://www.nvidia.com/en-us/^
PCLN / BKNG^"PRICELINE COM INC /PRICELINE GROUP INC / BOOKING HOLDINGS INC"^^86783^^USA^https://www.bookingholdings.com/^
GS^GOLDMAN SACHS GROUP INC^^86868^^USA^https://www.goldmansachs.com/^
FFIV^F 5 NETWORKS INC / F 5 INC^^86964^^USA^https://www.f5.com/^
JNPR^JUNIPER NETWORKS INC^^86979^^USA^https://www.juniper.net/^
COST^COSTCO WHOLESALE CORP NEW^^87055^^USA^https://www.costco.ca/^
DVN^DEVON ENERGY CORP NEW^^87137^^USA^https://www.devonenergy.com/^
AKAM^AKAMAI TECHNOLOGIES INC^^87299^^USA^https://www.akamai.com/^
A^AGILENT TECHNOLOGIES INC^^87432^^USA^https://www.agilent.com/^
UPS^UNITED PARCEL SERVICE INC^^87447^^USA^https://www.ups.com/us/en/Home.page^
EXPD^EXPEDITORS INTERNATIONAL WA INC^^87717^^USA^https://www.expeditors.com/^
MET^METLIFE INC^^87842^^USA^https://www.metlife.com/^
ISRG^INTUITIVE SURGICAL INC^^88352^^USA^https://www.intuitive.com/en-us^
COH / TPR^COACH INC / TAPESTRY INC^^88661^^USA^https://www.tapestry.com/^
FIS^FIDELITY NATIONAL INFO SVCS INC^^89003^^USA^https://www.fisglobal.com/en^
KFT / MDLZ^"KRAFT FOODS INC / MONDELEZ INTERNATIONAL INC"^^89006^^USA^https://www.mondelezinternational.com/^
ZMH / ZBH^"ZIMMER HOLDINGS INC /ZIMMER BIOMET HOLDINGS INC"^^89070^^USA^https://www.zimmerbiomet.com/en^
WLP / ANTM^WELLPOINT INC / ANTHEM INC^^89179^^USA^https://www.anthem.com/^
PFG^PRINCIPAL FINANCIAL GROUP INC^^89195^^USA^https://www.principal.com/^
PRU^PRUDENTIAL FINANCIAL INC^^89258^^USA^https://www.prudential.com/^
NFLX^NETFLIX INC^^89393^^USA^https://about.netflix.com/en^
KMX^CARMAX INC^^89508^^USA^https://www.carmax.com/^
CMCSA^COMCAST CORP NEW^^89525^^USA^https://corporate.comcast.com/^
WYNN^WYNN RESORTS LTD^^89533^^USA^https://www.wynnlasvegas.com/^
CME^C M E GROUP INC^^89626^^USA^https://www.cmegroup.com/^
AIZ^ASSURANT INC^^90038^^USA^https://www.assurant.ca/^
NRG^N R G ENERGY INC^^90071^^USA^https://www.nrg.com/^
CBG / CBRE^"C B RICHARD ELLIS GROUP INC / C B R E GROUP INC"^^90199^^USA^https://www.cbre.ca/^
CRM^SALESFORCE COM INC^^90215^^USA^https://www.salesforce.com/ca/^
GOOGL^"GOOGLE INC / ALPHABET INC"^^90319^^USA^https://abc.xyz/^
NDAQ^NASDAQ O M X GROUP INC / NASDAQ INC^^90601^^USA^https://www.nasdaq.com/^
EXPE^"EXPEDIA INC DE / EXPEDIA GROUP INC"^^90808^^USA^https://www.expediagroup.com/home/default.aspx^
CF^C F INDUSTRIES HOLDINGS INC^^90829^^USA^https://www.cfindustries.com/^
AMP^AMERIPRISE FINANCIAL INC^^90880^^USA^https://www.ameriprise.com/^
ICE^INTERCONTINENTALEXCHANGE GRP INC^^90993^^USA^https://www.theice.com/index^
MA^MASTERCARD INC^^91233^^USA^https://www.mastercard.ca/en-ca.html^
ROST^ROSS STORES INC^^91556^^USA^https://www.rossstores.com/^
PM^PHILIP MORRIS INTERNATIONAL INC^^92602^^USA^https://www.pmi.com/^
V^VISA INC^^92611^^USA^https://www.visa.ca/en_CA^
UNH^UNITEDHEALTH GROUP INC^^92655^^USA^https://www.unitedhealthgroup.com/^
MPC^MARATHON PETROLEUM CORP^^12872^^USA^https://www.marathonpetroleum.com/^
XYL^XYLEM INC^^13035^^USA^https://www.xylem.com/en-ca/^
BWA^BORGWARNER INC^^79545^^USA^https://www.borgwarner.com/home^
DLTR^DOLLAR TREE INC^^81481^^USA^https://www.dollartree.com/^
AMB / PLD^"A M B PROPERTY CORP / PROLOGIS INC"^^85592^^USA^https://www.prologis.com/^
BLK^BLACKROCK INC^^87267^^USA^https://www.blackrock.com/ca^
EW^EDWARDS LIFESCIENCES CORP^^87657^^USA^https://www.edwards.com/^
CAN^ACCENTURE PLC IRELAND^^89071^^USA^https://www.accenture.com/ca-en?c=acn_glb_brandexpressiongoogle_12722956&n=psgs_1221&gclid=CjwKCAiArNOeBhAHEiwAze_nKMonUpXDdFofKIoDvk7xLWbYqLgWhPZNmGg5va5imnRofA3JVm5RrhoCsfkQAvD_BwE&gclsrc=aw.ds^
MOS^MOSAIC COMPANY NEW^^90386^^USA^https://www.mosaicco.com/^
CMG^CHIPOTLE MEXICAN GRILL INC^^91068^^USA^https://www.chipotle.com/^
TEL^"TYCO ELECTRONICS LTD NEW / T E CONNECTIVITY LTD"^^92157^^USA^https://www.tti.com/content/ttiinc/en.html^
LYB^LYONDELLBASELL INDUSTRIES N V^^12345^^USA^https://www.lyondellbasell.com/^
KMI^KINDER MORGAN INC^^12558^^USA^https://www.kindermorgan.com/^
DLPH / APTV^"DELPHI AUTOMOTIVE PLC / APTIV PLC"^^13103^^USA^https://www.aptiv.com/^
PSX^PHILLIPS 66^^13356^^USA^https://www.phillips66.com/^
LRCX^LAM RESH CORP^^48486^Lam Research^USA^https://www.lamresearch.com/^
CCI^"CROWN CASTLE INTERNATIONAL CORP / CROWN CASTLE INTL CORP NEW"^^86339^^USA^https://www.crowncastle.com/^
HANS / MNST^"HANSEN NATURAL CORP /MONSTER BEVERAGE CORP NEW"^^88031^^USA^https://www.monsterbevcorp.com/^
GRMN^GARMIN LTD^^88837^^USA^https://www.garmin.com/en-CA/^
STX^"SEAGATE TECHNOLOGY PLC / SEAGATE TECHNOLOGY HOLDINGS PLC"^^89641^^USA^https://www.seagate.com/ca/en/^
DG^DOLLAR GENERAL CORP NEW^^93096^^USA^https://www.dollargeneral.com/^
GM^GENERAL MOTORS CO^^12369^^USA^https://www.gm.com/^
NLSN^NIELSEN HOLDINGS N V^^12542^^USA^https://www.nielsen.com/^
FB^FACEBOOK INC / META PLATFORMS INC^^13407^^USA^https://investor.fb.com/home/default.aspx^
PNR^PENTAIR PLC^^13586^^USA^https://www.pentair.com/^
ABBV^ABBVIE INC^^13721^^USA^https://www.abbvie.ca/^
ZTS^ZOETIS INC^^13788^^USA^https://www.zoetis.com/^
PVH^P V H CORP^^13936^^USA^https://www.pvh.com/^
NWSA^NEWS CORP NEW^^13963^^USA^https://newscorp.com/^
ALLE^ALLEGION PLC^^14297^^USA^https://www.allegion.com/corp/en/index.html^
REGN^REGENERON PHARMACEUTICALS INC^^76614^^USA^https://www.regeneron.com/^
VRTX^VERTEX PHARMACEUTICALS INC^^76744^^USA^https://www.vrtx.com/^
MHK^MOHAWK INDUSTRIES INC^^77496^^USA^https://mohawkind.com/^
AME^AMETEK INC NEW^^85257^^USA^https://www.ametek.com/^
DAL^DELTA AIR LINES INC^^91926^^USA^https://www.delta.com/^
RCL^ROYAL CARIBBEAN CRUISES LTD^^79145^^USA^https://www.royalcaribbean.com/^
UHS^UNIVERSAL HEALTH SERVICES INC^^79637^^USA^https://uhs.com/^
MLM^MARTIN MARIETTA MATERIALS INC^^80204^^USA^https://www.martinmarietta.com/^
TSCO^TRACTOR SUPPLY CO NEW^^80286^^USA^https://www.tractorsupply.com/^
ESS^ESSEX PROPERTY TRUST INC^^80681^^USA^https://www.essexapartmenthomes.com/^
URI^UNITED RENTALS INC^^85663^^USA^https://www.unitedrentals.com/^
UA / UAA^UNDER ARMOUR INC^^90979^^USA^https://www.underarmour.ca/en-ca/^
AVGO^"AVAGO TECHNOLOGIES LTD /BROADCOM INC"^^93002^^USA^https://www.broadcom.com/^
HCA^"H C A HOLDINGS INC /H C A HEALTHCARE INC"^^12622^^USA^https://hcahealthcare.com/^
SYF^SYNCHRONY FINANCIAL^^14776^^USA^https://www.synchrony.com/^
KHC^KRAFT HEINZ CO^^15408^^USA^https://www.kraftheinzcompany.com/^
PYPL^PAYPAL HOLDINGS INC^^15488^^USA^https://investor.pypl.com/home/default.aspx^
HPE^HEWLETT PACKARD ENTERPRISE CO^^15707^^USA^https://www.hp.com/ca-en/home.html^
AMR / AAL^"A M R CORP DEL / AMERICAN AIRLINES GROUP INC"^^21020^^USA^https://www.aa.com/homePage.do^
CHD^CHURCH & DWIGHT INC^^23393^^USA^https://churchdwight.com/^
JBHT^HUNT J B TRANSPORT SERVICES INC^^42877^^USA^https://www.jbhunt.com/^
SWKS^SKYWORKS SOLUTIONS INC^^45911^^USA^https://www.skyworksinc.com/^
ATVI^ACTIVISION BLIZZARD INC^^79678^^USA^https://www.activision.com/^
O^REALTY INCOME CORP^^81045^^USA^https://www.realtyincome.com/^
HSIC^SCHEIN HENRY INC^^82581^^USA^https://www.henryschein.ca/^
RFMD / QRVO^"R F MICRO DEVICES INC / QORVO INC"^^85035^^USA^https://www.qorvo.com/^
ILMN^ILLUMINA INC^^88446^^USA^https://www.illumina.com/^
AAP^ADVANCE AUTO PARTS INC^^89217^^USA^https://shop.advanceautoparts.com/^
EQIX^EQUINIX INC^^89617^^USA^https://www.equinix.se/^
UAL^"UNITED CONTINENTAL HOLDINGS INC / UNITED AIRLINES HOLDINGS INC"^^91103^^USA^https://www.united.com/en/gb^
VRSK^VERISK ANALYTICS INC^^93089^^USA^https://www.verisk.com/en-gb/insurance/^
CHTR^CHARTER COMMUNICATIONS INC NEW^^12308^^USA^https://corporate.charter.com/^
FBHS^FORTUNE BRANDS HOME & SECUR INC^^12981^^USA^https://www.fbhs.com/^
CFG^CITIZENS FINANCIAL GROUP INC^^14889^Citizens Bank^USA^https://www.citizensbank.com/homepage.aspx^
FTV^FORTIVE CORP^^16087^^USA^https://www.fortive.com/^
ALK^ALASKA AIRGROUP INC^^28804^^USA^https://www.alaskaair.com/^
AJG^GALLAGHER ARTHUR J & CO^^38093^^USA^https://www.ajg.com/^
FRT^FEDERAL REALTY INVESTMENT TRUST^^58413^^USA^https://www.federalrealty.com/^
LNT^ALLIANT ENERGY CORP^^58819^^USA^https://www.alliantenergy.com/^
UDR^U D R INC^^59300^^USA^https://www.udr.com/^
COO^COOPER COMPANIES INC^^65541^^USA^https://www.coopercos.com/^
HOLX^HOLOGIC INC^^76095^^USA^https://www.hologic.com/^
MAA^MID AMERICA APT COMMUNITIES INC^^80183^^USA^https://www.maac.com/^
ALB^ALBEMARLE CORP^^80191^^USA^https://www.albemarle.com/^
MTD^METTLER TOLEDO INTERNATIONAL INC^^85621^^USA^https://www.mt.com/ca/en/home.html?cmp=sea_37010105&SE=GOOGLE&Campaign=MT_BRAND_EN_CA&Adgroup=METTLER+TOLEDO+-+Exact&bookedkeyword=mettler%20toledo&matchtype=e&adtext=250927778528&placement=&network=g&kclid=_k_Cj0KCQiA8t2eBhDeARIsAAVEga1UBqvc1S7UzyC57gpU9mwRnZHcWoSHEnyLjejuuKYmt7CYPOShLuwaAn1pEALw_wcB_k_&gclid=Cj0KCQiA8t2eBhDeARIsAAVEga1UBqvc1S7UzyC57gpU9mwRnZHcWoSHEnyLjejuuKYmt7CYPOShLuwaAn1pEALw_wcB^
GPN^GLOBAL PAYMENTS INC^^88873^^USA^https://www.globalpayments.com/en-ca^
WSH / WLTW / WTW^"WILLIS GROUP HOLDINGS PUB LTD CO /WILLIS TOWERS WATSON PUB LTD CO"^^89017^^USA^https://www.wtwco.com/en-GB^
CNC^CENTENE CORP DEL^^89269^^USA^https://www.centene.com/^
LKQ^L K Q CORP^^89866^^USA^https://www.lkqcorp.com/^
EXR^EXTRA SPACE STORAGE INC^^90305^^USA^https://www.extraspace.com/^
TDG^TRANSDIGM GROUP INC^^91152^^USA^https://www.transdigm.com/^
ULTA^"ULTA SALON COSMETICS & FRAG INC /ULTA BEAUTY INC"^^92322^^USA^https://www.ulta.com/^
AWK^AMERICAN WATER WORKS CO INC^^92614^^USA^https://www.amwater.com/^
CDNS^CADENCE DESIGN SYSTEMS INC^^11403^^USA^https://www.cadence.com/en_US/home.html^
MGM^M G M RESORTS INTERNATIONAL^^11891^^USA^https://www.mgmresorts.com/en.html^
NCLH^NORWEGIAN CRUISE LINE HLDGS LTD^^13760^^USA^https://www.ncl.com/ca/en/^
Q / IQV ^"QUINTILES TRANSNATIONAL HLDGS IN /QUINTILES IMS HOLDINGS INC /IQVIA HOLDINGS INC"^^13911^^USA^https://www.iqvia.com/^
HLT^HILTON WORLDWIDE HOLDINGS INC^^14338^^USA^https://www.hilton.com/en/corporate/^
DWDP / DD^"DOWDUPONT INC /DUPONT DE NEMOURS INC"^^16851^^USA^https://www.dupont.com/^
AOS^SMITH A O CORP^^65402^^USA^https://www.hotwatercanada.ca/^
RJF^RAYMOND JAMES FINANCIAL INC^^69649^^USA^https://www.raymondjames.ca/^
DRE^DUKE REALTY CORP^^75341^^USA^https://www.prologis.com/duke-realty-acquisition^
IDXX^I D E X X LABORATORIES INC^^76709^^USA^https://www.idexx.com/en/^
SNPS^SYNOPSYS INC^^77357^^USA^https://www.synopsys.com/^
IT^GARTNER INC^^79698^^USA^https://www.gartner.com/en?utm_source=google&utm_medium=cpc&utm_campaign=GTR_NA_2022_GTR_CPC_SEM1_BRANDCAMPAIGNCORE&utm_adgroup=137260808579&utm_term=gartner%20inc&ad=603410086008&matchtype=e&gclid=Cj0KCQiAz9ieBhCIARIsACB0oGLnuPDD5ddco0ZwqC0uf1EReXtvV62DobHqce1lsGfSBmbv0TB6xL8aAi0yEALw_wcB^
REG^REGENCY CENTERS CORP^^79782^^USA^https://www.regencycenters.com/^
INCY^INCYTE CORP^^79906^^USA^https://www.incytebiosciences.ca/^
DISH^DISH NETWORK CORPORATION^^81696^^USA^https://www.dish.com/^
RMD^RESMED INC^^81736^^USA^https://www.resmed.com/en-us/^
RE^EVEREST RE GROUP LTD^^82303^^USA^https://www.everestre.com/^
ANSS^ANSYS INC^^83621^^USA^https://www.ansys.com/^
ARE^ALEXANDRIA REAL EST EQUITIES INC^^84767^^USA^https://www.are.com/^
SBAC^S B A COMMUNICATIONS CORP^^86996^^USA^https://sbasite.com/^
PKG^PACKAGING CORP AMERICA^^87541^^USA^https://www.packagingcorp.com/^
ALGN^ALIGN TECHNOLOGY INC^^88860^^USA^https://www.aligntech.com/^
SIVB^S V B FINANCIAL GROUP^^11786^^USA^https://www.svb.com/canada^
FLT^FLEETCOR TECHNOLOGIES INC^^12449^^USA^https://www.fleetcor.com/^
HII^HUNTINGTON INGALLS INDS INC^^12623^^USA^https://hii.com/^
FANG^DIAMONDBACK ENERGY INC^^13641^^USA^https://ir.diamondbackenergy.com/^
TWTR^TWITTER INC^^14295^^USA^https://twitter.com/home?lang=en^
ANET^ARISTA NETWORKS INC^^14714^^USA^https://www.arista.com/en/^
KEYS^KEYSIGHT TECHNOLOGIES INC^^14939^^USA^https://www.keysight.com/ca/en/home.html^
LW^LAMB WESTON HOLDINGS INC^^16431^^USA^https://www.lambweston.com/en-ca.html^
LIN^LINDE PLC^^18143^^USA^https://www.linde.com/^
WR / EVRG^"WESTAR ENERGY INC /EVERGY INC"^^24053^^USA^https://evergy.com/^
ROL^ROLLINS INC^^36003^^USA^https://www.rollins.com/^
ABMD^ABIOMED INC^^75107^^USA^https://www.abiomed.com/^
CPRT^COPART INC^^80320^^USA^https://www.copart.ca/^
TTWO^TAKE TWO INTERACTIVE SOFTWR INC^^84761^^USA^https://www.take2games.com/^
JKHY^HENRY JACK & ASSOC INC^^88664^^USA^https://www.jackhenry.com/^
CE^CELANESE CORP DEL^^90520^^USA^https://www.celanese.com/^
IPGP^I P G PHOTONICS CORP^^91668^^USA^https://www.ipgphotonics.com/en^
BR^BROADRIDGE FINANCIAL SOLUTNS INC^^91849^^USA^https://www.broadridge.com/ca/?id=ENT19jl5fcfe8490356fbad4abaf12984f364cb&so=se&po=&di=&ct=&ot=rs&mt=dc&yr=20&rg=gl&on=01&ep=pd&gclid=CjwKCAiArNOeBhAHEiwAze_nKIJ5Oxd0K-wtUO4ezgbaOKLSLaLbCjmSL43xLgjqPVUGkbRxPKO3pBoC_6MQAvD_BwE^
MSCI^M S C I INC^^92402^^USA^https://www.msci.com/^
FTNT^FORTINET INC^^93132^^USA^https://www.fortinet.com/^
CBOE^C B O E GLOBAL MARKETS INC^^93429^^USA^https://www.cboe.com/^
FRC^FIRST REPUBLIC BANK S F NEW^^12448^^USA^https://www.firstrepublic.com/^
NOW^SERVICENOW INC^^13447^^USA^https://www.servicenow.com/lpdem/demonow-all.html?campid=99434&cid=p:all:dg:allterms:prsp:allmatch:GOOG_ALBU_PRSP_DemoNowALLDemoPages:ams:all&s_kwcid=AL!11692!3!526956379365!e!!g!!servicenow&ds_c=GOOG_AMS_All_EN_DEMANDGEN_ALBU_PRSP_Brand_EXA_Top&cmcid=71700000065323099&ds_ag=ServiceNow_EXA&cmpid=58700005784393191&ds_kids=p52805248144&gclid=Cj0KCQiA8t2eBhDeARIsAAVEga2uEkN9ZUQrFiHr6rnk00mJ2UGA2kYjFM_nUEYmMTti0mJhDyC642waAj7jEALw_wcB&gclsrc=aw.ds^
CDW^C D W CORP NEW^^13949^^USA^https://www.cdw.ca/^
WRB^BERKLEY W R CORP^^17743^^USA^https://www.berkley.com/^
FOXA^FOX CORP^^18420^^USA^https://www.foxcorporation.com/^
DOW^DOW INC^^18428^^USA^https://www.dow.com/en-us^
CTVA^CORTEVA INC^^18592^^USA^https://www.corteva.com/^
AMCR^AMCOR PLC^^18724^^USA^https://www.amcor.com/^
ATO^ATMOS ENERGY CORP^^32986^^USA^https://www.atmosenergy.com/^
TFX^TELEFLEX INC^^44329^^USA^https://www.teleflex.com/ca/en/^
IEX^IDEX CORP^^75591^^USA^https://www.idexcorp.com/^
ZBRA^ZEBRA TECHNOLOGIES CORP^^76795^^USA^https://www.zebra.com/us/en.html^
ODFL^OLD DOMINION FREIGHT LINE INC^^77037^^USA^https://www.odfl.com/^
STE^STERIS PLC NEW^^77649^^USA^https://www.steris.com/^
NVR^N V R INC^^79785^^USA^https://www.nvrinc.com/^
WAB^WABTEC CORP^^81677^^USA^https://www.wabteccorp.com/^
MKTX^MARKETAXESS HLDGS INC^^90454^^USA^https://www.marketaxess.com/^
LVS^LAS VEGAS SANDS CORP^^90505^^USA^https://www.sands.com/^
LYV^LIVE NATION ENTERTAINMENT INC^^91041^^USA^https://www.livenation.com/^
PAYC^PAYCOM SOFTWARE INC^^14579^^USA^https://www.paycom.com/^
CTLT^CATALENT INC^^14763^^USA^https://www.catalent.com/^
ETSY^ETSY INC^^15291^^USA^https://www.etsy.com/ca/^
GDI / IR^"GARDNER DENVER HOLDINGS INC /INGERSOLL RAND INC"^^16692^^USA^https://www.ingersollrand.com/en-ca^
CARR^CARRIER GLOBAL CORP^^19285^^USA^https://www.carrier.com/carrier/en/worldwide/^
OTIS^OTIS WORLDWIDE CORP^^19286^^USA^https://www.otis.com/en/us^
VTRS^VIATRIS INC^^20057^^USA^https://www.viatris.com/en^
BIO ^BIO RAD LABORATORIES INC^^61516^^USA^https://www.bio-rad.com/^
WST^WEST PHARMACEUTICAL SERVICES INC^^62498^^USA^https://www.westpharma.com/^
TYL^TYLER TECHNOLOGIES INC^^76185^^USA^https://www.tylertech.com/^
POOL^POOL CORP^^82515^^USA^https://www.poolcorp.com/^
TDY^TELEDYNE TECHNOLOGIES^^87445^^USA^https://www.teledyne.com/en-us^
DPZ^DOMINOS PIZZA INC^^90248^^USA^https://www.dominos.com.co/^
DXCM^DEXCOM INC^^90664^^USA^https://www.dexcom.com/en-ca^
TSLA^TESLA INC^^93436^^USA^https://www.tesla.com/en_ca^
NXPI^N X P SEMICONDUCTORS N V^^12084^^USA^https://www.nxp.com/^
EPAM^EPAM SYSTEMS INC^^13210^^USA^https://www.epam.com/^
ENPH^ENPHASE ENERGY INC^^13323^^USA^https://enphase.com/^
ERI / CZR^"ELDORADO RESORTS INC /CAESARS ENTERTAINMENT INC DE"^^14882^^USA^https://www.caesars.com/^
SEDG^SOLAREDGE TECHNOLOGIES INC^^15272^^USA^https://www.solaredge.com/us^
MTCH^MATCH GROUP INC^^15850^^USA^https://mtch.com/^
CDAY^CERIDIAN H C M HOLDING INC^^17700^^USA^https://www.ceridian.com/^
MRNA^MODERNA INC^^18312^^USA^https://www.modernatx.com/^
OGN^ORGANON & CO^^21124^^USA^https://www.organon.com/^
BRO^BROWN & BROWN INC^^63467^^USA^https://www.bbinsurance.com/^
TECH^TECHNE CORP / BIO TECHNE CORP^^75694^^USA^https://www.bio-techne.com/^
PMTC / PTC^"PARAMETRIC TECHNOLOGY CORP /P T C INC"^^75912^^USA^https://www.ptc.com/en^
TRMB^TRIMBLE NAVIGATION LTD / TRIMBLE INC^^76230^^USA^https://www.trimble.com/en/^
PENN^PENN NATIONAL GAMING INC^^80563^Penn Entertainment^USA^https://www.pennentertainment.com/^
FDS^FACTSET RESEARCH SYSTEMS INC^^83597^^USA^https://www.factset.com/^
CRL^CHARLES RIVER LABS INTL INC^^88281^^USA^https://www.criver.com/^
SBNY^SIGNATURE BANK NEW YORK N Y^^90090^^USA^https://www.signatureny.com/^
MPWR^MONOLITHIC PWR SYS INC^^90455^^USA^https://www.monolithicpower.com/^
GNRC^GENERAC HOLDINGS INC^^93246^^USA^https://www.generac.com/^